id,first_name,last_name,age,city,department,salary,years_experience,is_manager,skill_level,join_year
1,Kamil,Kluczek,62,Kraków,IT,8733,7,False,junior,2012
2,Jacek,Dreszer,59,Warszawa,IT,8798,27,False,junior,2016
3,Artur,Lalak,63,Wrocław,HR,8153,34,False,mid,2023
4,Paweł,Berendt,43,Rzeszów,HR,7896,8,True,junior,2021
5,Inga,Rej,44,Warszawa,Finance,7050,19,False,junior,2012
6,Tola,Midura,57,Gdańsk,Operations,12284,18,False,senior,2011
7,Filip,Glapiak,64,Rzeszów,Operations,13556,14,False,senior,2018
8,Tomasz,Kowaluk,51,Warszawa,Finance,12792,20,False,senior,2015
9,Jerzy,Soroko,56,Wrocław,Support,6981,15,False,junior,2017
10,Szymon,Zubowicz,65,Katowice,IT,17792,20,True,senior,2022
11,Konrad,Gral,39,Białystok,Operations,7044,2,False,junior,2022
12,Inga,Giedrojć,63,Warszawa,Marketing,7594,29,False,junior,2023
13,Borys,Szkopek,59,Rzeszów,IT,9692,25,False,mid,2013
14,Julianna,Batóg,31,Wrocław,IT,15417,2,False,senior,2018
15,Jan,Gemza,57,Warszawa,Operations,9393,0,False,mid,2013
16,Damian,Nawrotek,40,Warszawa,Marketing,7250,13,False,junior,2015
17,Kaja,Kiliszek,54,Kraków,Sales,13426,6,False,senior,2021
18,Konstanty,Trzcionka,32,Białystok,Support,17701,8,False,lead,2010
19,Przemysław,Bryda,29,Lublin,HR,16823,5,True,senior,2012
20,Natan,Noszczyk,27,Warszawa,Marketing,8725,5,False,mid,2025
21,Tomasz,Cukier,57,Lublin,Finance,7708,10,False,junior,2016
22,Patryk,Moj,41,Łódź,Finance,16995,12,False,lead,2017
23,Mieszko,Halik,36,Gdańsk,IT,9790,1,False,mid,2011
24,Błażej,Zemanek,36,Lublin,IT,19488,1,False,lead,2016
25,Aleksander,Lelonek,56,Lublin,Sales,14737,8,False,senior,2023
26,Róża,Jałowiec,34,Wrocław,Finance,5721,1,False,junior,2013
27,Marcel,Bodzak,25,Katowice,IT,15696,3,False,senior,2024
28,Maksymilian,Skałka,30,Wrocław,Operations,10254,6,True,junior,2013
29,Gustaw,Grymuza,25,Białystok,Operations,17989,0,False,lead,2025
30,Olgierd,Roś,35,Warszawa,Finance,9586,13,False,mid,2024
31,Eryk,Stochel,40,Łódź,Operations,9993,13,False,mid,2014
32,Krzysztof,Szwaja,34,Warszawa,Marketing,9484,4,True,junior,2011
33,Olaf,Pindral,25,Lublin,IT,9828,3,False,mid,2015
34,Aleks,Mazanek,26,Lublin,Finance,7833,4,False,junior,2017
35,Jerzy,Różewicz,59,Wrocław,Sales,9868,2,False,mid,2016
36,Oskar,Cukier,64,Wrocław,Marketing,6495,20,False,junior,2012
37,Konstanty,Fal,22,Gdańsk,IT,11572,0,False,mid,2018
38,Dariusz,Przewoźnik,30,Lublin,Finance,14725,5,False,senior,2019
39,Leonard,Idec,61,Lublin,HR,5050,33,False,junior,2018
40,Nikodem,Mydlak,29,Warszawa,HR,12904,1,False,senior,2016
41,Cezary,Jasnoch,65,Poznań,HR,11708,40,False,senior,2012
42,Wojciech,Zera,62,Warszawa,HR,12572,27,False,senior,2015
43,Alan,Kręgiel,50,Gdańsk,IT,14110,17,False,senior,2011
44,Andrzej,Gierak,45,Wrocław,IT,9663,18,False,mid,2021
45,Marcelina,Kubasiak,35,Warszawa,Operations,6664,10,False,junior,2014
46,Jeremi,Fita,37,Katowice,Operations,20360,5,True,lead,2023
47,Dagmara,Muskała,64,Katowice,IT,8427,15,False,junior,2017
48,Arkadiusz,Jakóbiak,34,Lublin,Operations,8791,7,False,mid,2022
49,Adam,Guźniczak,43,Rzeszów,HR,13137,8,False,senior,2020
50,Filip,Pierz,23,Kraków,Sales,12956,0,False,senior,2013
51,Jędrzej,Kurp,60,Katowice,Finance,8973,27,False,mid,2022
52,Cezary,Ciepłuch,58,Łódź,IT,8705,12,False,junior,2016
53,Bruno,Basak,45,Łódź,HR,5010,13,False,junior,2019
54,Jędrzej,Fydrych,54,Kraków,Marketing,8985,19,False,mid,2023
55,Sonia,Wołkowicz,64,Białystok,Sales,11044,24,False,mid,2010
56,Róża,Betka,41,Katowice,Sales,7609,9,False,junior,2024
57,Błażej,Lalak,65,Katowice,Support,8047,13,False,mid,2019
58,Witold,Stebel,54,Rzeszów,IT,7315,21,False,junior,2014
59,Melania,Cudzich,23,Poznań,Operations,9697,0,True,junior,2016
60,Błażej,Prażuch,46,Warszawa,Marketing,8636,15,False,mid,2023
61,Janina,Skotarek,36,Łódź,Finance,12997,2,False,senior,2024
62,Janina,Nóżka,30,Rzeszów,Sales,10612,7,False,mid,2023
63,Olgierd,Neubauer,57,Katowice,Sales,13812,28,False,senior,2018
64,Sebastian,Karmelita,55,Kraków,IT,10612,31,False,mid,2020
65,Anastazja,Miara,42,Warszawa,Finance,6376,17,False,junior,2012
66,Franciszek,Schwarz,48,Wrocław,IT,11095,13,False,mid,2010
67,Kamil,Furgała,58,Białystok,HR,9216,24,False,mid,2017
68,Damian,Jenek,53,Poznań,Finance,7156,14,False,junior,2015
69,Kaja,Wlazły,51,Gdańsk,IT,8811,29,False,junior,2010
70,Wiktor,Siwczak,27,Lublin,IT,10840,5,False,mid,2016
71,Fryderyk,Andrys,51,Lublin,HR,9226,10,False,mid,2018
72,Roksana,Bytner,27,Poznań,Support,4981,3,False,junior,2011
73,Iwo,Jędrys,23,Warszawa,IT,6968,0,False,junior,2016
74,Mateusz,Łukasz,51,Wrocław,Sales,6269,22,False,junior,2015
75,Oliwier,Delikat,41,Białystok,Sales,10337,3,False,mid,2022
76,Julita,Myrcik,34,Lublin,IT,10735,1,False,mid,2013
77,Cezary,Sporysz,58,Wrocław,Finance,9897,2,False,mid,2010
78,Cyprian,Duczmal,48,Wrocław,Finance,10383,26,False,mid,2014
79,Gustaw,Sadownik,49,Rzeszów,HR,13704,5,False,senior,2025
80,Damian,Chalimoniuk,51,Gdańsk,HR,11854,13,False,senior,2018
81,Jakub,Stefankiewicz,50,Gdańsk,Marketing,14224,7,False,senior,2020
82,Błażej,Gustaw,33,Katowice,HR,5631,7,False,junior,2010
83,Kajetan,Jędraszczyk,55,Łódź,Sales,7750,12,False,junior,2025
84,Dominik,Budzich,50,Kraków,Finance,7882,25,False,junior,2021
85,Radosław,Skocz,52,Wrocław,Marketing,10058,17,False,mid,2018
86,Dorota,Ziarek,41,Łódź,HR,5258,8,False,junior,2016
87,Konrad,Furgała,35,Łódź,Support,8859,11,False,mid,2013
88,Mariusz,Irla,34,Warszawa,IT,7623,4,False,junior,2011
89,Miłosz,Ziemak,25,Warszawa,Operations,8050,2,False,mid,2019
90,Liwia,Dzienis,52,Warszawa,IT,11456,15,False,mid,2013
91,Kazimierz,Wołoszyk,26,Gdańsk,Marketing,10505,3,False,mid,2019
92,Kacper,Pietrasz,27,Katowice,Sales,6724,1,False,junior,2022
93,Olgierd,Kubaczyk,50,Gdańsk,Finance,5746,14,False,junior,2013
94,Norbert,Gogacz,35,Łódź,IT,6807,10,False,junior,2015
95,Adam,Karłowicz,22,Gdańsk,HR,8658,0,False,mid,2024
96,Nicole,Fiołek,26,Katowice,Sales,17610,1,False,lead,2023
97,Karol,Wypiór,29,Białystok,Operations,11679,3,True,mid,2019
98,Ada,Stoltmann,60,Wrocław,Finance,18148,36,False,lead,2018
99,Krzysztof,Pacholik,54,Gdańsk,Operations,10472,31,False,mid,2018
100,Ewelina,Szajner,23,Łódź,Operations,5084,0,False,junior,2018
101,Hubert,Kuran,58,Warszawa,Sales,13939,2,False,senior,2015
102,Lidia,Salach,59,Poznań,IT,10865,27,False,mid,2020
103,Leon,Listwan,64,Kraków,Marketing,13840,6,False,senior,2011
104,Liwia,Kretowicz,51,Kraków,Support,9807,2,False,mid,2010
105,Kaja,Leszkiewicz,64,Warszawa,Sales,10841,34,False,mid,2024
106,Rozalia,Tatarczuk,25,Warszawa,HR,6485,1,False,junior,2013
107,Ksawery,Grzywnowicz,23,Kraków,IT,14420,0,False,senior,2013
108,Fabian,Bakalarczyk,51,Warszawa,Support,8819,3,False,mid,2023
109,Mariusz,Liedtke,52,Poznań,Finance,7581,15,False,junior,2014
110,Eliza,Dulas,26,Lublin,HR,12594,2,False,senior,2010
111,Ignacy,Młot,40,Gdańsk,Marketing,14029,9,False,senior,2025
112,Artur,Korbel,44,Poznań,Finance,9272,10,False,mid,2017
113,Natan,Tylek,58,Katowice,IT,8061,24,False,junior,2022
114,Julianna,Dumała,64,Poznań,IT,19917,41,False,lead,2020
115,Olaf,Pawełkiewicz,28,Warszawa,Support,15290,6,True,senior,2023
116,Borys,Pych,63,Katowice,HR,6128,9,False,junior,2012
117,Wojciech,Jasina,43,Wrocław,HR,13498,21,False,senior,2011
118,Stanisław,Kosela,61,Łódź,HR,4870,4,False,junior,2023
119,Krzysztof,Mirocha,28,Lublin,Finance,8618,6,False,mid,2011
120,Kornel,Matyka,42,Wrocław,IT,8818,1,False,junior,2015
121,Ida,Fleszar,32,Lublin,Sales,8188,2,False,junior,2014
122,Konstanty,Łachut,36,Wrocław,Marketing,10105,7,False,mid,2019
123,Ada,Okraska,65,Wrocław,HR,6237,34,False,junior,2018
124,Rozalia,Tyka,51,Rzeszów,Operations,12562,27,True,mid,2021
125,Anita,Wyskiel,58,Kraków,Support,16824,18,False,lead,2010
126,Lidia,Macias,58,Katowice,Operations,16942,3,False,lead,2021
127,Lidia,Smyl,36,Kraków,Marketing,5760,10,False,junior,2013
128,Kalina,Kidoń,62,Wrocław,Sales,9169,2,False,mid,2019
129,Patryk,Rawa,42,Warszawa,Sales,7974,13,False,junior,2018
130,Kornelia,Świstek,32,Białystok,Support,17087,4,False,lead,2013
131,Kaja,Podsiedlik,51,Rzeszów,Operations,6627,2,False,junior,2021
132,Roksana,Sobuś,27,Poznań,Finance,6573,3,False,junior,2022
133,Mikołaj,Plizga,62,Kraków,IT,8799,23,False,junior,2020
134,Oskar,Juśkiewicz,61,Gdańsk,Finance,10172,14,False,mid,2013
135,Olga,Preś,30,Kraków,Sales,22001,0,True,lead,2014
136,Natan,Myrcha,46,Rzeszów,Marketing,10605,14,False,mid,2014
137,Dominik,Pyszka,48,Poznań,Finance,5634,20,False,junior,2021
138,Eryk,Kidoń,35,Kraków,Finance,10004,7,False,mid,2021
139,Julita,Zagozda,25,Rzeszów,Support,5075,3,False,junior,2016
140,Sebastian,Midura,63,Warszawa,Operations,8515,40,False,mid,2016
141,Grzegorz,Widłak,26,Warszawa,Operations,5604,4,False,junior,2010
142,Marcelina,Synak,39,Poznań,Operations,19105,4,True,lead,2014
143,Igor,Potoczna,22,Kraków,HR,11714,0,False,senior,2014
144,Krystyna,Karalus,48,Warszawa,Finance,7931,16,False,junior,2013
145,Franciszek,Klemens,50,Gdańsk,Marketing,7335,16,False,junior,2019
146,Rozalia,Pasztaleniec,51,Warszawa,Sales,17242,20,False,lead,2025
147,Bartek,Deluga,50,Kraków,IT,15897,2,False,senior,2020
148,Marek,Szóstak,46,Wrocław,Sales,12268,19,True,mid,2016
149,Kalina,Smykla,49,Wrocław,Operations,12389,14,False,senior,2020
150,Karina,Drobnik,49,Wrocław,IT,9774,10,False,mid,2012
151,Blanka,Rycerz,27,Katowice,Finance,8745,0,False,mid,2020
152,Leon,Bartłomiejczyk,64,Lublin,Support,7910,7,False,mid,2019
153,Jakub,Szwiec,60,Gdańsk,IT,10418,19,False,mid,2013
154,Błażej,Gierasimiuk,44,Katowice,Sales,11097,17,False,mid,2010
155,Agnieszka,Suchoń,60,Kraków,Marketing,6637,17,False,junior,2010
156,Kaja,Pitala,33,Wrocław,IT,9625,2,False,mid,2012
157,Dagmara,Maligłówka,55,Wrocław,IT,10828,13,False,mid,2012
158,Ada,Kowalak,25,Gdańsk,Marketing,6936,1,False,junior,2025
159,Rafał,Łuszczyk,60,Warszawa,Sales,9254,28,False,mid,2019
160,Przemysław,Franczuk,65,Poznań,HR,9954,43,False,mid,2011
161,Elżbieta,Miętka,22,Warszawa,IT,10843,0,False,mid,2013
162,Rozalia,Surdyk,22,Warszawa,Finance,14549,0,False,senior,2021
163,Jędrzej,Żbik,26,Warszawa,IT,14782,3,False,senior,2023
164,Franciszek,Stempin,58,Wrocław,IT,17830,25,True,senior,2015
165,Malwina,Dudczak,61,Białystok,IT,14496,29,False,senior,2023
166,Liwia,Snoch,59,Wrocław,HR,8864,25,False,mid,2015
167,Adam,Handke,26,Poznań,IT,10938,4,False,mid,2014
168,Maksymilian,Kielczyk,37,Warszawa,Sales,6108,3,False,junior,2015
169,Daniel,Mućka,62,Gdańsk,Sales,11112,31,False,mid,2020
170,Gaja,Kuropatwa,62,Warszawa,Finance,6625,20,False,junior,2011
171,Marek,Bondaruk,44,Wrocław,IT,7675,16,False,junior,2012
172,Ignacy,Kolman,63,Poznań,Finance,8668,5,False,mid,2024
173,Nicole,Wojak,58,Poznań,IT,12923,12,True,mid,2020
174,Elżbieta,Paluszak,27,Warszawa,Marketing,10346,4,False,mid,2015
175,Maciej,Fogt,45,Wrocław,Operations,16214,11,False,lead,2020
176,Maksymilian,Klaja,26,Łódź,HR,6968,2,False,junior,2014
177,Janina,Salwin,43,Warszawa,HR,9105,2,False,mid,2014
178,Angelika,Klatka,60,Wrocław,Operations,10156,5,False,mid,2012
179,Robert,Walencik,63,Warszawa,HR,8899,27,False,mid,2025
180,Jędrzej,Kamieniarz,34,Warszawa,HR,17579,3,False,lead,2011
181,Błażej,Tylman,64,Gdańsk,Sales,13540,21,False,senior,2015
182,Adrian,Pachnik,50,Łódź,IT,10667,1,False,mid,2024
183,Radosław,Holc,36,Rzeszów,Operations,5794,8,False,junior,2021
184,Jędrzej,Gregorczuk,65,Wrocław,HR,17660,36,False,lead,2023
185,Wojciech,Sroga,32,Warszawa,HR,13020,3,False,senior,2013
186,Róża,Milewczyk,55,Katowice,HR,5103,7,False,junior,2023
187,Sylwia,Dmoch,27,Lublin,Support,13323,1,False,senior,2021
188,Wojciech,Rapa,37,Wrocław,IT,18873,12,False,lead,2014
189,Bruno,Małocha,30,Lublin,Marketing,7121,0,False,junior,2024
190,Błażej,Syroka,61,Warszawa,IT,19993,0,False,lead,2023
191,Nataniel,Tyma,29,Warszawa,IT,8372,4,False,junior,2012
192,Krzysztof,Doliwa,29,Warszawa,Sales,9388,7,False,mid,2019
193,Andrzej,Nyk,49,Kraków,Finance,8850,0,False,mid,2021
194,Ryszard,Boruc,26,Katowice,Sales,13725,4,True,mid,2011
195,Monika,Goska,62,Kraków,IT,18912,24,False,lead,2017
196,Inga,Koćwin,64,Gdańsk,Marketing,6643,40,False,junior,2020
197,Emil,Cieciora,63,Łódź,Support,12446,11,False,senior,2014
198,Liwia,Lorenz,26,Warszawa,Operations,6292,3,False,junior,2019
199,Bianka,Długajczyk,54,Poznań,HR,16282,25,False,lead,2019
200,Paweł,Murat,44,Kraków,IT,15138,1,False,senior,2024
201,Łukasz,Dykas,46,Poznań,Sales,18926,10,False,lead,2018
202,Oliwier,Nickel,27,Wrocław,Support,8903,5,False,mid,2020
203,Dominik,Maras,28,Kraków,Finance,9182,0,False,mid,2024
204,Bianka,Trzcionka,44,Lublin,Finance,6624,14,False,junior,2011
205,Jeremi,Ziętal,26,Katowice,Marketing,8784,3,False,mid,2024
206,Nikodem,Krywult,24,Katowice,Finance,7823,0,False,junior,2011
207,Cyprian,Kopciuch,60,Rzeszów,Finance,10850,9,False,mid,2014
208,Błażej,Składanek,55,Łódź,IT,13262,23,True,mid,2025
209,Marika,Helak,55,Warszawa,Operations,16878,24,False,lead,2019
210,Mikołaj,Trybuś,53,Lublin,Finance,7323,12,False,junior,2012
211,Kaja,Grymuza,65,Łódź,Sales,10028,20,False,mid,2015
212,Jacek,Sych,62,Poznań,IT,14068,11,False,senior,2017
213,Jakub,Araszkiewicz,53,Gdańsk,Finance,9031,1,False,mid,2012
214,Adrian,Melaniuk,26,Łódź,Sales,10477,2,False,mid,2012
215,Błażej,Jarema,30,Wrocław,Marketing,10458,5,False,mid,2015
216,Sara,Zyzik,30,Lublin,Operations,9245,6,False,mid,2015
217,Marianna,Żugaj,32,Kraków,Support,16863,5,False,lead,2012
218,Mateusz,Pietrasz,38,Poznań,IT,11685,6,False,mid,2012
219,Igor,Hajder,54,Gdańsk,IT,11978,10,False,mid,2020
220,Krystian,Hnat,58,Warszawa,IT,15862,2,False,senior,2018
221,Piotr,Cofała,63,Wrocław,Sales,15034,13,False,senior,2019
222,Leonard,Tolak,63,Katowice,Marketing,8498,19,False,mid,2011
223,Bianka,Kramer,32,Wrocław,HR,8807,7,False,mid,2021
224,Kornelia,Szymańczyk,47,Poznań,IT,14001,4,False,senior,2018
225,Maciej,Kosiec,50,Warszawa,Support,6412,7,False,junior,2017
226,Dariusz,Łęgowik,32,Łódź,IT,19608,5,False,lead,2024
227,Maciej,Ostręga,53,Warszawa,Finance,9486,19,False,mid,2016
228,Maurycy,Mol,59,Kraków,Sales,7727,22,False,junior,2019
229,Witold,Pokusa,56,Wrocław,Operations,13651,0,False,senior,2021
230,Paweł,Materek,24,Gdańsk,Finance,7082,1,False,junior,2024
231,Melania,Wojczuk,57,Gdańsk,Sales,13196,17,False,senior,2022
232,Kalina,Schubert,45,Wrocław,IT,11144,10,False,mid,2011
233,Marcin,Ufnal,24,Kraków,Sales,8283,0,False,junior,2014
234,Miłosz,Potok,42,Wrocław,Sales,11231,19,False,mid,2020
235,Kajetan,Strządała,54,Łódź,HR,9008,32,False,mid,2020
236,Klara,Langa,65,Gdańsk,Operations,16109,7,False,lead,2025
237,Kajetan,Knych,38,Gdańsk,IT,15057,7,False,senior,2014
238,Józef,Derek,65,Rzeszów,IT,10784,15,True,junior,2023
239,Klara,Dziurdzia,31,Wrocław,Operations,8255,6,False,mid,2014
240,Witold,Sadura,55,Rzeszów,Sales,9509,13,False,mid,2024
241,Damian,Szpala,56,Łódź,Operations,9082,21,False,mid,2025
242,Dominik,Pietraś,34,Kraków,Support,5883,3,False,junior,2016
243,Piotr,Suchora,53,Gdańsk,Support,8878,20,False,mid,2013
244,Natasza,Miękus,58,Rzeszów,Operations,8599,34,False,mid,2019
245,Ksawery,Łudzik,24,Warszawa,Support,17662,1,False,lead,2016
246,Róża,Łepek,34,Gdańsk,HR,9903,8,True,junior,2017
247,Norbert,Kajstura,37,Poznań,Sales,13492,1,True,mid,2020
248,Olaf,Kustosz,52,Warszawa,Support,8346,3,False,mid,2023
249,Szymon,Czerkies,63,Warszawa,Support,7942,30,False,mid,2012
250,Eryk,Frelich,63,Katowice,Operations,8717,36,True,junior,2023
251,Kornel,Miszta,33,Wrocław,Sales,17985,0,False,lead,2011
252,Krzysztof,Nijak,22,Warszawa,Support,9925,0,False,mid,2025
253,Konstanty,Zmarzły,30,Warszawa,IT,11379,8,False,mid,2018
254,Apolonia,Fierek,33,Katowice,Sales,13518,0,False,senior,2022
255,Julita,Bogaczyk,49,Wrocław,IT,11455,16,False,mid,2020
256,Antoni,Sycz,37,Kraków,Marketing,6436,0,False,junior,2010
257,Robert,Ciemięga,38,Warszawa,IT,11160,11,False,mid,2019
258,Elżbieta,Żurawik,29,Warszawa,Support,9563,4,False,mid,2021
259,Piotr,Siekierka,48,Poznań,Sales,9694,22,False,mid,2017
260,Gaja,Sapeta,65,Warszawa,Finance,12819,38,False,senior,2013
261,Mieszko,Klus,25,Warszawa,HR,7976,1,False,mid,2016
262,Jędrzej,Walusiak,59,Poznań,Operations,7102,31,False,junior,2023
263,Apolonia,Reich,51,Wrocław,Operations,6621,18,False,junior,2018
264,Ernest,Kopik,22,Warszawa,HR,10746,0,True,mid,2012
265,Aurelia,Kunysz,52,Warszawa,IT,8221,1,False,junior,2021
266,Juliusz,Strojna,46,Białystok,Finance,14708,14,False,senior,2014
267,Justyna,Iwańczyk,63,Rzeszów,Finance,6412,22,False,junior,2010
268,Angelika,Dziugieł,23,Łódź,Finance,9440,1,False,mid,2017
269,Julita,Jaje,51,Warszawa,Operations,5131,11,False,junior,2023
270,Konrad,Litwinowicz,61,Warszawa,Sales,5999,1,False,junior,2017
271,Kornelia,Miśko,24,Poznań,Marketing,8773,1,False,mid,2019
272,Kornel,Markiel,36,Gdańsk,Sales,18113,13,False,lead,2017
273,Jędrzej,Nastały,41,Poznań,Finance,18780,4,False,lead,2015
274,Marcel,Słonka,62,Warszawa,HR,9061,27,False,mid,2020
275,Radosław,Krasa,48,Wrocław,Marketing,6123,13,False,junior,2019
276,Fabian,Pokusa,31,Gdańsk,Support,16249,7,False,lead,2022
277,Kalina,Szajda,37,Łódź,Support,5078,8,False,junior,2016
278,Olga,Duchnik,25,Gdańsk,IT,14906,2,True,mid,2016
279,Gustaw,Rębiś,52,Kraków,Support,15478,6,True,senior,2013
280,Hubert,Zimoląg,52,Gdańsk,IT,8761,29,False,junior,2020
281,Sandra,Byzdra,40,Łódź,HR,9536,12,False,mid,2024
282,Fryderyk,Nytko,28,Poznań,Operations,17518,6,False,lead,2020
283,Tymoteusz,Wnuczek,48,Warszawa,IT,11892,1,False,mid,2023
284,Nicole,Kij,40,Kraków,Sales,8055,4,False,junior,2020
285,Olga,Koronkiewicz,38,Gdańsk,Sales,18242,15,False,lead,2015
286,Jakub,Godzisz,30,Białystok,Sales,9040,8,False,mid,2011
287,Stefan,Mol,26,Wrocław,Operations,12618,0,False,senior,2010
288,Kornelia,Martyn,35,Warszawa,Sales,10779,8,False,mid,2025
289,Elżbieta,Fronczyk,23,Wrocław,IT,11694,0,False,mid,2019
290,Kazimierz,Bobko,23,Białystok,IT,17109,1,True,senior,2017
291,Sara,Basaj,34,Lublin,HR,9028,9,False,mid,2022
292,Bruno,Łusiak,51,Łódź,HR,4830,18,False,junior,2011
293,Lidia,Komperda,27,Poznań,IT,13201,3,True,mid,2012
294,Alan,Latko,53,Kraków,Support,9863,27,False,mid,2011
295,Karol,Kosno,36,Łódź,Sales,17104,3,False,lead,2018
296,Ida,Ligenza,56,Lublin,IT,7090,2,False,junior,2022
297,Józef,Deluga,26,Kraków,Operations,7214,2,False,junior,2020
298,Marek,Heczko,46,Katowice,Marketing,16616,24,True,senior,2011
299,Fabian,Zyguła,28,Warszawa,Sales,8239,3,False,junior,2022
300,Konrad,Chaber,42,Katowice,Finance,10765,0,False,mid,2022
301,Szymon,Pochopień,49,Łódź,IT,10509,5,False,mid,2012
302,Andrzej,Buchalik,27,Łódź,Sales,7097,2,False,junior,2021
303,Wojciech,Wacław,28,Kraków,Finance,6042,0,False,junior,2012
304,Urszula,Garbaciak,33,Poznań,Finance,12949,6,True,mid,2012
305,Aurelia,Wrześniak,60,Lublin,IT,13846,38,False,senior,2017
306,Ernest,Rajda,58,Wrocław,IT,8519,33,False,junior,2014
307,Blanka,Ćwierz,26,Wrocław,Sales,12830,1,True,mid,2017
308,Tymon,Bacia,62,Warszawa,IT,11120,31,False,mid,2020
309,Jan,Troka,61,Kraków,HR,13934,24,False,senior,2014
310,Dominik,Zmyślony,41,Łódź,Sales,10431,10,False,mid,2020
311,Kaja,Simon,40,Katowice,HR,17109,15,False,lead,2021
312,Kajetan,Gęca,29,Poznań,Marketing,10090,3,False,mid,2016
313,Eliza,Dłubak,50,Łódź,Operations,6675,25,False,junior,2025
314,Franciszek,Kozdrój,30,Łódź,Marketing,5502,4,False,junior,2024
315,Witold,Bystroń,60,Poznań,Support,9413,30,False,mid,2011
316,Marcel,Spadło,45,Poznań,Sales,16816,22,True,senior,2021
317,Łukasz,Hołysz,32,Gdańsk,Sales,10158,10,False,mid,2023
318,Marcelina,Hawrylak,28,Warszawa,Marketing,7556,0,False,junior,2017
319,Liwia,Waloch,50,Katowice,Sales,10212,11,False,mid,2010
320,Gaja,Sularz,52,Białystok,IT,7080,3,False,junior,2021
321,Sara,Wardziak,41,Warszawa,Sales,10594,10,False,mid,2024
322,Dorota,Prostak,42,Katowice,IT,9947,2,False,mid,2015
323,Krystyna,Krzan,37,Kraków,Finance,10159,5,False,mid,2015
324,Damian,Bałdys,33,Wrocław,Marketing,10041,10,False,mid,2023
325,Lidia,Chyb,46,Warszawa,Marketing,12456,0,False,senior,2013
326,Robert,Gregorczuk,56,Warszawa,IT,11504,11,False,mid,2020
327,Witold,Merda,60,Gdańsk,HR,8206,24,False,mid,2019
328,Jacek,Szajner,61,Warszawa,IT,7249,37,False,junior,2021
329,Angelika,Nowotka,31,Gdańsk,Sales,10793,8,False,mid,2015
330,Tadeusz,Parda,57,Warszawa,HR,7719,10,False,mid,2021
331,Monika,Choroś,22,Lublin,Support,6727,0,False,junior,2023
332,Stefan,Nowotnik,65,Lublin,Sales,11926,31,True,mid,2017
333,Jeremi,Filak,40,Poznań,IT,8528,1,False,junior,2013
334,Alex,Siwka,58,Poznań,Support,4870,7,False,junior,2024
335,Rozalia,Grzejszczak,56,Warszawa,Operations,17219,13,False,lead,2011
336,Sebastian,Dawidczyk,50,Lublin,Finance,9470,8,False,mid,2016
337,Jerzy,Noculak,59,Gdańsk,Finance,13346,22,False,senior,2016
338,Marcin,Stochaj,25,Gdańsk,IT,10698,2,False,mid,2019
339,Bruno,Kokosza,58,Poznań,Support,16255,17,False,lead,2023
340,Urszula,Wielgos,25,Warszawa,Operations,13319,2,False,senior,2017
341,Kornel,Swiątek,65,Gdańsk,HR,9351,25,False,mid,2012
342,Roksana,Bieszke,62,Katowice,Marketing,10062,5,False,mid,2025
343,Stanisław,Szczubełek,42,Katowice,Marketing,7077,18,False,junior,2021
344,Sandra,Rubacha,26,Rzeszów,Operations,9322,4,False,mid,2019
345,Janina,Juraszczyk,43,Gdańsk,Sales,8998,17,False,mid,2011
346,Michał,Błasik,28,Wrocław,IT,15307,5,False,senior,2024
347,Aurelia,Zapadka,22,Łódź,IT,7151,0,False,junior,2018
348,Malwina,Kucz,27,Warszawa,Marketing,8412,5,False,mid,2022
349,Maks,Owsianka,62,Katowice,Finance,15889,19,True,senior,2010
350,Tobiasz,Henke,35,Gdańsk,Sales,5833,7,False,junior,2020
351,Sandra,Lempart,29,Poznań,IT,12919,6,True,mid,2013
352,Inga,Potok,42,Warszawa,Operations,12545,11,False,senior,2014
353,Borys,Kenig,26,Gdańsk,IT,10372,4,False,mid,2014
354,Borys,Wakuła,48,Lublin,IT,13004,19,True,mid,2022
355,Justyna,Smykla,44,Warszawa,HR,12766,13,True,mid,2019
356,Antoni,Prażmo,23,Gdańsk,IT,6723,1,False,junior,2017
357,Natan,Pryszcz,53,Poznań,Sales,5849,24,False,junior,2021
358,Olga,Gadzina,42,Lublin,Finance,9207,4,False,mid,2025
359,Leon,Łokietek,26,Warszawa,IT,11130,0,False,mid,2019
360,Roksana,Szymańczyk,62,Wrocław,Finance,14702,32,False,senior,2014
361,Ewelina,Łuszczak,39,Poznań,IT,11697,2,False,mid,2020
362,Kamila,Huber,47,Lublin,Marketing,12991,18,True,mid,2017
363,Sylwia,Waraksa,25,Wrocław,Finance,6766,1,False,junior,2015
364,Szymon,Tlałka,29,Łódź,IT,15642,0,False,senior,2018
365,Marianna,Rduch,32,Katowice,HR,4620,5,False,junior,2020
366,Marcelina,Ulewicz,49,Kraków,Support,9732,8,False,mid,2024
367,Franciszek,Szykuła,54,Lublin,IT,6921,23,False,junior,2013
368,Fryderyk,Job,36,Warszawa,Operations,9932,11,False,mid,2021
369,Bruno,Gawliczek,46,Rzeszów,IT,8217,4,False,junior,2017
370,Arkadiusz,Ruchała,42,Łódź,HR,12027,7,True,mid,2013
371,Fryderyk,Batóg,54,Katowice,Support,4982,3,False,junior,2024
372,Sandra,Deryło,40,Poznań,IT,11809,9,False,mid,2019
373,Maksymilian,Gumienna,61,Gdańsk,Sales,9600,15,False,mid,2017
374,Kacper,Buk,31,Warszawa,Sales,16839,0,False,lead,2020
375,Rozalia,Solarek,22,Łódź,IT,14475,0,False,senior,2023
376,Nataniel,Wojtak,53,Warszawa,HR,19448,3,True,lead,2023
377,Krzysztof,Panasewicz,45,Warszawa,IT,19115,14,False,lead,2012
378,Maciej,Jakimiak,59,Łódź,IT,7790,36,False,junior,2022
379,Antoni,Kalarus,42,Kraków,Support,10094,10,False,mid,2013
380,Ksawery,Orawiec,31,Wrocław,Finance,6350,1,False,junior,2024
381,Michał,Milewczyk,41,Warszawa,IT,8971,14,False,junior,2011
382,Marcin,Kamieniarz,35,Warszawa,Marketing,13823,13,False,senior,2011
383,Hubert,Winnik,65,Rzeszów,IT,8352,19,False,junior,2017
384,Oliwier,Lampart,28,Katowice,IT,10410,3,True,junior,2014
385,Przemysław,Bobko,34,Gdańsk,Sales,9860,6,False,mid,2012
386,Juliusz,Łabaj,23,Łódź,Operations,9358,0,True,junior,2013
387,Leonard,Szczechowicz,24,Białystok,Finance,7532,1,False,junior,2010
388,Oliwier,Gabryszak,46,Kraków,Support,9526,21,False,mid,2014
389,Miłosz,Witoń,24,Kraków,HR,9755,2,False,mid,2025
390,Dominik,Ciesielka,25,Warszawa,IT,8653,0,False,junior,2017
391,Szymon,Otremba,62,Rzeszów,Operations,14230,34,False,senior,2025
392,Aurelia,Nytko,44,Wrocław,IT,10397,18,False,mid,2010
393,Albert,Pilich,39,Poznań,Finance,13453,1,False,senior,2015
394,Konrad,Karpiel,28,Kraków,Operations,8229,1,False,mid,2017
395,Tola,Maciejewicz,58,Lublin,Operations,10426,24,False,mid,2020
396,Andrzej,Dziedzina,44,Łódź,Support,7006,18,False,junior,2016
397,Emil,Nieradzik,53,Warszawa,IT,6581,19,False,junior,2025
398,Ignacy,Wyroślak,22,Warszawa,IT,18825,0,False,lead,2011
399,Sylwia,Bruś,23,Białystok,Operations,9494,0,False,mid,2012
400,Maciej,Stawowczyk,45,Wrocław,IT,18058,22,False,lead,2015
401,Ewelina,Skotarek,49,Poznań,HR,9801,25,False,mid,2021
402,Leonard,Fornalik,36,Warszawa,HR,8021,10,False,mid,2015
403,Dorota,Sołoducha,22,Katowice,Sales,14103,0,False,senior,2017
404,Cyprian,Kotala,62,Poznań,HR,8920,36,True,junior,2020
405,Sandra,Malka,32,Warszawa,Marketing,13575,10,False,senior,2024
406,Marika,Pindor,22,Łódź,Finance,5505,0,False,junior,2011
407,Kornelia,Kucab,46,Rzeszów,Operations,13551,14,False,senior,2021
408,Róża,Leoniak,56,Poznań,Operations,5923,24,False,junior,2015
409,Marcin,Mrotek,50,Warszawa,IT,13928,2,False,senior,2012
410,Kajetan,Jarmuła,43,Warszawa,IT,13881,5,False,senior,2020
411,Angelika,Polnik,60,Wrocław,Marketing,13978,30,False,senior,2015
412,Jeremi,Wąsala,25,Rzeszów,Finance,10712,0,False,mid,2018
413,Julita,Chaba,64,Warszawa,Finance,7510,18,False,junior,2014
414,Karina,Bobko,25,Warszawa,Operations,6967,2,False,junior,2016
415,Justyna,Windak,28,Gdańsk,Support,5173,0,False,junior,2019
416,Tola,Wałek,47,Łódź,IT,10257,15,False,mid,2021
417,Kazimierz,Jargiło,46,Warszawa,Finance,6600,11,False,junior,2011
418,Andrzej,Bela,31,Kraków,Sales,8215,1,False,junior,2017
419,Dawid,Kość,57,Lublin,Finance,14444,3,False,senior,2017
420,Aniela,Krefta,52,Białystok,Marketing,7316,9,False,junior,2014
421,Marcelina,Nieradko,29,Rzeszów,Support,5216,7,False,junior,2011
422,Fryderyk,Droździk,49,Wrocław,Support,18137,2,False,lead,2018
423,Antoni,Rajda,42,Gdańsk,Sales,7928,2,False,junior,2024
424,Arkadiusz,Ulewicz,22,Warszawa,Sales,6210,0,False,junior,2013
425,Ada,Hutnik,58,Lublin,Operations,13081,6,False,senior,2022
426,Maks,Rzeźniczek,63,Poznań,IT,11993,31,False,mid,2022
427,Robert,Jessa,24,Kraków,IT,14600,1,False,senior,2021
428,Konstanty,Bobik,23,Kraków,HR,11902,1,False,senior,2017
429,Gaja,Solich,30,Wrocław,Operations,17707,4,False,lead,2012
430,Jacek,Wiraszka,34,Lublin,Marketing,6731,7,False,junior,2011
431,Mateusz,Kocurek,54,Łódź,Finance,7647,10,False,junior,2010
432,Rafał,Juszczuk,33,Warszawa,IT,16707,3,True,senior,2021
433,Tadeusz,Prasek,34,Wrocław,Finance,8625,4,False,mid,2017
434,Kalina,Wołoszyk,45,Warszawa,Operations,9432,15,False,mid,2021
435,Dagmara,Makulec,32,Łódź,HR,12167,4,False,senior,2016
436,Tadeusz,Maciejewicz,36,Warszawa,Marketing,5236,10,False,junior,2025
437,Lidia,Bandyk,30,Warszawa,HR,8751,2,False,mid,2018
438,Marika,Brząkała,49,Wrocław,IT,15632,12,False,senior,2022
439,Kacper,Gruszczyk,59,Rzeszów,Support,6999,6,False,junior,2019
440,Gustaw,Wójcikiewicz,41,Kraków,HR,8634,3,False,mid,2018
441,Olga,Bednarowicz,63,Warszawa,Marketing,7657,41,False,junior,2022
442,Andrzej,Gonet,64,Łódź,Marketing,9262,20,False,mid,2023
443,Elżbieta,Żero,47,Gdańsk,Support,13105,12,False,senior,2017
444,Lidia,Guzdek,65,Poznań,Support,8929,34,False,mid,2015
445,Liwia,Jonak,64,Warszawa,IT,8789,35,False,junior,2015
446,Kaja,Karkocha,65,Kraków,IT,11222,21,False,mid,2020
447,Krystyna,Pabiś,45,Wrocław,IT,14890,8,True,mid,2012
448,Maks,Kułach,52,Warszawa,Marketing,6892,28,False,junior,2011
449,Agnieszka,Pielech,31,Kraków,Support,17574,2,False,lead,2014
450,Norbert,Gubernat,42,Poznań,Sales,13037,5,False,senior,2010
451,Jerzy,Pizoń,50,Katowice,Sales,6160,8,False,junior,2014
452,Eryk,Piotrowiak,61,Wrocław,Support,7854,27,False,mid,2016
453,Ignacy,Kawulok,45,Katowice,Sales,15816,0,True,senior,2017
454,Julita,Roda,36,Kraków,IT,14753,11,False,senior,2015
455,Daniel,Chomik,26,Kraków,Marketing,6583,0,False,junior,2023
456,Przemysław,Jargieło,65,Białystok,Finance,10152,8,False,mid,2010
457,Karina,Klimko,36,Warszawa,Marketing,12892,3,False,senior,2013
458,Julianna,Trojanowicz,45,Warszawa,Operations,10190,22,False,mid,2011
459,Anna Maria,Niksa,60,Łódź,IT,11207,3,False,mid,2024
460,Ryszard,Pietrek,46,Poznań,IT,9538,3,False,mid,2019
461,Eryk,Szambelan,48,Poznań,Sales,7515,21,False,junior,2013
462,Olaf,Zegar,54,Katowice,Sales,6877,7,False,junior,2016
463,Kajetan,Miętus,44,Warszawa,Sales,10768,22,False,mid,2020
464,Bartek,Cięciwa,37,Warszawa,IT,8523,0,False,junior,2014
465,Ewelina,Friedrich,27,Łódź,Support,6570,4,False,junior,2019
466,Jacek,Bulanda,38,Lublin,Operations,6475,14,False,junior,2020
467,Mikołaj,Jędrys,49,Lublin,Operations,8566,23,True,junior,2015
468,Aleks,Brachaczek,43,Rzeszów,HR,13026,11,False,senior,2020
469,Hubert,Bajko,33,Rzeszów,HR,9458,1,False,mid,2023
470,Marika,Jędrusiak,63,Łódź,IT,7152,10,False,junior,2013
471,Bartek,Panasiewicz,48,Gdańsk,Finance,9968,18,False,mid,2010
472,Ryszard,Noras,65,Poznań,Operations,8259,8,False,mid,2018
473,Malwina,Sulich,63,Lublin,Sales,8114,20,False,junior,2017
474,Cyprian,Szłapka,64,Łódź,Sales,9818,21,False,mid,2025
475,Mikołaj,Szałaj,44,Wrocław,Operations,8223,21,False,mid,2010
476,Malwina,Początek,63,Poznań,Sales,10813,10,False,mid,2020
477,Wiktor,Masłoń,37,Warszawa,IT,19151,10,False,lead,2017
478,Marika,Bródka,27,Gdańsk,IT,10794,3,False,mid,2013
479,Aurelia,Broszkiewicz,53,Wrocław,Sales,9172,1,True,junior,2019
480,Mikołaj,Miodek,54,Wrocław,HR,8413,13,False,mid,2024
481,Krystian,Pieczyrak,43,Gdańsk,Marketing,14053,17,False,senior,2013
482,Sylwia,Godzisz,28,Warszawa,Finance,9695,6,False,mid,2021
483,Karol,Krekora,28,Poznań,Operations,13676,0,False,senior,2013
484,Ignacy,Jachna,38,Białystok,Finance,6280,6,False,junior,2020
485,Urszula,Golczyk,28,Białystok,Operations,9845,6,False,mid,2024
486,Gaja,Bancerz,64,Warszawa,Sales,16998,37,False,lead,2023
487,Artur,Sztuba,59,Katowice,Support,16411,30,False,lead,2014
488,Angelika,Zapadka,28,Gdańsk,HR,9214,3,False,mid,2017
489,Aniela,Samulak,39,Rzeszów,Finance,18190,12,False,lead,2019
490,Radosław,Kuster,57,Białystok,Sales,13990,20,False,senior,2021
491,Julianna,Roszkiewicz,65,Łódź,Support,17020,8,False,lead,2013
492,Norbert,Nojman,44,Gdańsk,Marketing,10386,17,False,mid,2019
493,Stanisław,Różak,49,Warszawa,Finance,8731,25,True,junior,2016
494,Oskar,Husak,39,Łódź,IT,21708,5,True,lead,2016
495,Nikodem,Korgul,56,Wrocław,Sales,11101,2,False,mid,2017
496,Bruno,Dykas,63,Poznań,Operations,8192,35,False,mid,2022
497,Maksymilian,Szczerbiak,46,Rzeszów,HR,15553,13,False,lead,2018
498,Tadeusz,Romaniak,34,Lublin,Finance,14006,9,False,senior,2016
499,Bianka,Drabczyk,34,Rzeszów,IT,11604,4,False,mid,2013
500,Damian,Pietrasiak,46,Gdańsk,IT,10544,1,False,mid,2010
501,Kalina,Żelazo,43,Warszawa,IT,13708,14,False,senior,2019
502,Gaja,Moniuszko,53,Łódź,Sales,7932,22,False,junior,2012
503,Aleks,Witas,54,Poznań,IT,10373,10,False,mid,2020
504,Jerzy,Nowotny,43,Rzeszów,Sales,8099,11,False,junior,2010
505,Ryszard,Kuffel,29,Białystok,Sales,8963,5,False,mid,2020
506,Agnieszka,Łyczak,46,Poznań,HR,9035,3,False,mid,2024
507,Jerzy,Dykas,53,Łódź,HR,7893,2,True,junior,2015
508,Julianna,Stąpor,56,Warszawa,Marketing,6937,34,False,junior,2013
509,Konrad,Drewicz,35,Lublin,Marketing,12495,8,False,senior,2014
510,Oliwier,Staniczek,23,Warszawa,IT,14531,1,False,senior,2012
511,Artur,Sołoducha,58,Wrocław,Finance,17795,14,False,lead,2010
512,Krystian,Migała,46,Warszawa,Marketing,10598,21,True,junior,2011
513,Julian,Cabała,26,Warszawa,Operations,16354,2,False,lead,2019
514,Stanisław,Krzywonos,50,Łódź,Sales,9358,12,False,mid,2022
515,Norbert,Kastelik,56,Warszawa,Marketing,17728,18,False,lead,2010
516,Nicole,Kunert,57,Warszawa,Sales,8042,35,False,junior,2012
517,Monika,Kołton,41,Białystok,HR,13599,6,False,senior,2014
518,Roksana,Przeklasa,32,Lublin,IT,8823,2,False,junior,2011
519,Emil,Jaremek,57,Warszawa,Marketing,9008,29,False,mid,2025
520,Olga,Adamaszek,43,Łódź,IT,7292,11,False,junior,2020
521,Nela,Kieloch,53,Łódź,Marketing,10521,28,False,mid,2021
522,Anastazja,Mila,42,Kraków,Operations,6786,13,False,junior,2018
523,Maksymilian,Cieplucha,45,Kraków,Sales,10051,4,False,mid,2025
524,Maciej,Soczówka,57,Gdańsk,Operations,5573,6,False,junior,2016
525,Kornelia,Balcewicz,38,Białystok,Operations,14383,2,False,senior,2022
526,Kazimierz,Halik,59,Poznań,Sales,18733,13,False,lead,2014
527,Iwo,Siara,45,Katowice,Marketing,7103,12,False,junior,2012
528,Tomasz,Kosela,47,Łódź,Operations,8679,11,False,mid,2014
529,Aurelia,Miksza,50,Rzeszów,Marketing,7180,5,False,junior,2021
530,Michał,Dulemba,24,Kraków,HR,12346,0,False,senior,2021
531,Cezary,Wyskiel,46,Lublin,IT,17922,15,False,lead,2018
532,Maciej,Fuławka,38,Wrocław,Sales,9118,5,False,mid,2018
533,Tymoteusz,Graj,46,Kraków,Operations,9974,7,False,mid,2010
534,Eliza,Narożna,54,Kraków,Sales,9415,8,False,mid,2015
535,Sara,Batóg,32,Lublin,Marketing,9552,5,False,mid,2013
536,Grzegorz,Olas,52,Warszawa,IT,9591,21,False,mid,2017
537,Justyna,Krzysztoszek,24,Warszawa,Sales,14144,0,True,mid,2014
538,Marika,Łodyga,25,Warszawa,Support,7008,1,False,junior,2010
539,Natasza,Andrearczyk,64,Warszawa,Sales,18772,18,False,lead,2015
540,Kalina,Borkiewicz,36,Warszawa,Sales,10892,13,False,mid,2018
541,Kazimierz,Posłuszna,32,Wrocław,Sales,10378,10,False,mid,2014
542,Paweł,Tonder,28,Lublin,Sales,6412,0,False,junior,2013
543,Miłosz,Tytko,33,Gdańsk,Operations,16481,7,False,lead,2012
544,Klara,Doktor,52,Gdańsk,Operations,6767,21,False,junior,2023
545,Anastazja,Nowotny,45,Wrocław,Support,9261,1,False,mid,2021
546,Blanka,Dąbroś,59,Warszawa,Sales,6143,36,False,junior,2019
547,Krystyna,Pyda,60,Warszawa,Marketing,10567,34,False,mid,2013
548,Agnieszka,Kopij,55,Warszawa,Operations,8436,0,False,mid,2014
549,Jędrzej,Deryło,49,Kraków,Sales,9928,20,False,mid,2022
550,Kazimierz,Lindner,35,Gdańsk,IT,11481,6,False,mid,2018
551,Olga,Kosznik,41,Łódź,Marketing,8687,18,False,mid,2017
552,Ida,Ławniczek,50,Warszawa,IT,10886,25,False,mid,2011
553,Jakub,Szok,32,Warszawa,IT,19958,6,False,lead,2023
554,Rozalia,Szaruga,27,Wrocław,Sales,7441,0,False,junior,2019
555,Klara,Majdak,60,Lublin,Sales,17626,3,False,lead,2019
556,Rafał,Pietraszkiewicz,34,Poznań,Marketing,12347,0,False,senior,2021
557,Olgierd,Rochowiak,37,Warszawa,HR,17118,0,False,lead,2022
558,Sonia,Mętel,59,Katowice,IT,13665,12,True,mid,2021
559,Sara,Wiza,44,Rzeszów,Finance,5519,8,False,junior,2018
560,Mikołaj,Kopciuch,33,Gdańsk,Sales,9279,6,False,mid,2018
561,Cezary,Święs,56,Rzeszów,Sales,10191,16,False,mid,2024
562,Adrian,Nowrot,65,Lublin,Sales,14367,29,False,senior,2017
563,Monika,Wójs,65,Wrocław,Finance,13578,14,False,senior,2017
564,Ada,Bulczak,40,Katowice,HR,8231,2,False,mid,2025
565,Antoni,Stiller,42,Gdańsk,IT,7278,11,False,junior,2025
566,Tadeusz,Rysz,34,Lublin,IT,14522,3,False,senior,2021
567,Damian,Dziuban,31,Warszawa,Support,4727,1,False,junior,2011
568,Bianka,Kusyk,52,Poznań,Support,8825,11,False,mid,2025
569,Bianka,Drela,33,Warszawa,Sales,10533,8,True,junior,2025
570,Tomasz,Zyguła,56,Wrocław,Marketing,8693,2,False,mid,2024
571,Oliwier,Zbylut,42,Warszawa,Sales,6863,0,False,junior,2015
572,Ignacy,Słomiany,57,Poznań,Sales,7842,16,False,junior,2023
573,Marcin,Kobak,35,Wrocław,Operations,12736,6,False,senior,2014
574,Aleks,Peszko,58,Łódź,Operations,13560,14,False,senior,2016
575,Jeremi,Dubis,31,Warszawa,Finance,10617,2,False,mid,2020
576,Karina,Łuczyk,53,Lublin,IT,10169,19,True,junior,2011
577,Andrzej,Rajtar,35,Lublin,IT,7564,13,False,junior,2021
578,Bianka,Dzierżak,45,Katowice,HR,8938,17,False,mid,2016
579,Ernest,Ciuła,58,Poznań,Support,9031,36,False,mid,2025
580,Apolonia,Hak,50,Gdańsk,Finance,6186,28,False,junior,2020
581,Łukasz,Rajman,48,Wrocław,Support,12107,20,True,mid,2017
582,Krzysztof,Mazik,42,Łódź,Sales,10622,10,False,mid,2021
583,Urszula,Barłóg,59,Wrocław,IT,21461,33,True,lead,2018
584,Dorota,Giers,27,Warszawa,IT,8746,1,False,junior,2011
585,Jakub,Małyszek,23,Rzeszów,IT,9845,1,False,mid,2022
586,Radosław,Żal,41,Kraków,Sales,6498,7,False,junior,2010
587,Julianna,Ryznar,24,Białystok,Operations,10214,2,False,mid,2018
588,Marika,Jaracz,57,Rzeszów,Sales,7670,28,False,junior,2023
589,Krystian,Fras,55,Poznań,IT,21761,19,True,lead,2021
590,Julita,Poczta,48,Warszawa,Sales,6358,8,False,junior,2021
591,Mieszko,Kapustka,40,Łódź,Sales,10027,15,False,mid,2010
592,Bianka,Husak,49,Kraków,IT,8186,25,False,junior,2023
593,Inga,Wyderka,47,Katowice,Finance,6577,7,False,junior,2012
594,Agnieszka,Przewoźniak,49,Katowice,Support,5813,20,False,junior,2019
595,Rafał,Brachaczek,63,Wrocław,Operations,13186,34,False,senior,2013
596,Tadeusz,Mleczek,62,Kraków,Sales,8879,29,False,mid,2014
597,Ernest,Molak,25,Warszawa,HR,4533,0,False,junior,2017
598,Klara,Zdziech,27,Warszawa,Finance,7541,1,False,junior,2021
599,Alex,Szymała,51,Kraków,Operations,12229,22,False,senior,2018
600,Lidia,Kuciak,47,Warszawa,Operations,9562,2,False,mid,2010
601,Fryderyk,Chwalisz,29,Rzeszów,IT,10315,3,False,mid,2024
602,Krystian,Judek,28,Warszawa,Finance,9823,4,False,mid,2015
603,Piotr,Byra,62,Poznań,IT,14723,2,False,senior,2016
604,Nela,Szczap,45,Warszawa,IT,14829,1,False,senior,2010
605,Kornel,Kominiak,32,Wrocław,IT,11880,4,False,mid,2025
606,Oskar,Żymełka,60,Warszawa,IT,13886,9,True,mid,2011
607,Monika,Dziechciarz,25,Łódź,Operations,8953,2,False,mid,2020
608,Anna Maria,Krzykała,57,Wrocław,IT,14967,22,False,senior,2014
609,Bartek,Piechna,38,Wrocław,HR,8277,1,False,mid,2015
610,Julian,Wyroba,56,Poznań,Operations,10271,22,False,mid,2015
611,Marcin,Koj,26,Kraków,HR,4502,4,False,junior,2022
612,Natasza,Kilar,33,Wrocław,Sales,9059,0,False,mid,2022
613,Błażej,Gryga,34,Katowice,IT,11178,8,False,mid,2020
614,Ewa,Foremniak,29,Warszawa,Operations,8128,1,False,mid,2016
615,Maksymilian,Jargiło,28,Warszawa,Sales,7806,3,False,junior,2018
616,Kornel,Sorbian,25,Łódź,IT,8512,2,False,junior,2012
617,Ewelina,Cukier,51,Wrocław,Marketing,9711,25,False,mid,2011
618,Alex,Chojna,61,Katowice,Operations,11884,17,True,mid,2013
619,Ada,Kretowicz,28,Wrocław,IT,8834,5,False,junior,2015
620,Rozalia,Kochanowicz,57,Warszawa,Sales,10678,35,False,mid,2023
621,Krzysztof,Kiljan,28,Poznań,Sales,14986,1,False,senior,2024
622,Stefan,Sadza,44,Rzeszów,Operations,9763,10,False,mid,2020
623,Tomasz,Witko,60,Warszawa,Marketing,9240,15,False,mid,2021
624,Oskar,Parkitna,50,Warszawa,IT,17566,14,False,lead,2014
625,Oskar,Leśny,41,Warszawa,Operations,12130,0,True,mid,2014
626,Leon,Tadla,28,Warszawa,HR,8523,0,False,mid,2017
627,Radosław,Kozaczuk,38,Wrocław,Support,6029,9,False,junior,2025
628,Aleksander,Golenia,33,Łódź,Sales,15238,7,False,senior,2019
629,Adam,Zapaśnik,24,Wrocław,Operations,13369,2,False,senior,2021
630,Maurycy,Zadora,49,Warszawa,Operations,18467,13,False,lead,2010
631,Kornelia,Kujawiak,62,Kraków,IT,10112,40,False,mid,2020
632,Andrzej,Materka,54,Łódź,Support,7137,14,False,junior,2012
633,Klara,Matwiejczyk,36,Wrocław,IT,11840,6,True,junior,2011
634,Grzegorz,Hrynkiewicz,57,Wrocław,Finance,6052,25,False,junior,2025
635,Tymoteusz,Drozdowicz,57,Łódź,IT,11647,12,False,mid,2017
636,Fryderyk,Boryczko,37,Wrocław,Marketing,5660,2,False,junior,2023
637,Tadeusz,Wochna,49,Kraków,Sales,13048,11,True,mid,2015
638,Janina,Widuch,44,Katowice,Sales,13756,19,False,senior,2016
639,Jerzy,Bazyluk,65,Łódź,IT,7495,23,False,junior,2014
640,Juliusz,Brzeźniak,40,Katowice,HR,8859,0,False,mid,2016
641,Juliusz,Pokusa,56,Poznań,HR,5078,13,False,junior,2010
642,Mateusz,Ostręga,46,Poznań,HR,19322,18,True,lead,2018
643,Roksana,Puła,25,Warszawa,Finance,9975,3,False,mid,2013
644,Inga,Tylka,23,Łódź,IT,13907,1,False,senior,2020
645,Wojciech,Gogol,53,Poznań,Finance,5588,5,False,junior,2011
646,Mieszko,Kulon,37,Wrocław,IT,10941,9,False,mid,2021
647,Radosław,Luberda,62,Rzeszów,Sales,6855,19,False,junior,2022
648,Kaja,Pacholczak,23,Kraków,Finance,7065,1,False,junior,2017
649,Iwo,Krzykała,48,Wrocław,HR,9339,7,False,mid,2014
650,Emil,Sajewicz,35,Poznań,Operations,6265,10,False,junior,2014
651,Ernest,Henke,49,Białystok,Support,6982,24,False,junior,2013
652,Karina,Łój,33,Warszawa,IT,15195,5,False,senior,2023
653,Marek,Baumgart,41,Lublin,Sales,13422,14,False,senior,2016
654,Anita,Moj,28,Katowice,Sales,8122,1,False,junior,2017
655,Aurelia,Golan,60,Warszawa,IT,7049,14,False,junior,2025
656,Gustaw,Linek,63,Wrocław,Sales,6726,23,False,junior,2011
657,Ewa,Parda,48,Białystok,Support,16530,24,False,lead,2016
658,Mateusz,Matwiejczyk,26,Rzeszów,Operations,17330,1,False,lead,2024
659,Franciszek,Golczyk,37,Warszawa,Marketing,9481,13,False,mid,2022
660,Sonia,Mazepa,61,Poznań,Operations,10132,36,False,mid,2013
661,Stefan,Sztuba,50,Warszawa,Support,13320,14,False,senior,2011
662,Olaf,Błażejak,57,Gdańsk,IT,11130,24,False,mid,2019
663,Maks,Rup,40,Kraków,Support,5282,14,False,junior,2024
664,Rafał,Namysł,63,Poznań,IT,8738,28,False,junior,2014
665,Iwo,Gebauer,47,Warszawa,Finance,9327,13,False,mid,2024
666,Sebastian,Piksa,27,Łódź,Marketing,8706,2,False,mid,2012
667,Patryk,Stein,29,Warszawa,Marketing,10295,7,False,mid,2015
668,Maciej,Fiołka,46,Katowice,Support,8314,17,False,mid,2015
669,Monika,Kuciel,31,Warszawa,HR,13327,2,False,senior,2019
670,Elżbieta,Fojt,62,Warszawa,IT,7536,11,False,junior,2010
671,Adrian,Woszczyna,51,Poznań,IT,14474,15,False,senior,2016
672,Gustaw,Słyk,59,Wrocław,Sales,14041,30,True,mid,2018
673,Urszula,Chlebek,61,Warszawa,IT,17929,35,True,senior,2011
674,Ksawery,Tyka,31,Lublin,HR,7700,0,False,mid,2013
675,Rozalia,Westfal,48,Kraków,Marketing,7544,5,False,junior,2015
676,Dariusz,Osman,51,Białystok,IT,11009,23,False,mid,2022
677,Nela,Wiesiołek,26,Warszawa,Sales,13924,3,False,senior,2020
678,Leon,Linka,55,Łódź,Sales,13966,26,True,mid,2012
679,Karina,Dziugieł,52,Białystok,Support,10193,23,False,mid,2020
680,Gustaw,Gąszczak,38,Gdańsk,Support,9733,16,False,mid,2025
681,Natan,Bochnia,53,Kraków,HR,11984,11,False,senior,2010
682,Oliwier,Fidura,51,Katowice,IT,15198,20,False,senior,2023
683,Igor,Pachołek,24,Katowice,IT,10653,1,False,mid,2018
684,Artur,Kuster,26,Poznań,Marketing,12565,2,True,mid,2020
685,Ewa,Prystupa,47,Rzeszów,Operations,9384,23,False,mid,2025
686,Dagmara,Zaraś,52,Warszawa,IT,8699,25,False,junior,2020
687,Tomasz,Bancerz,51,Białystok,IT,15814,25,False,senior,2020
688,Ewa,Romańczyk,57,Gdańsk,HR,5948,34,False,junior,2012
689,Błażej,Heinrich,31,Kraków,Finance,13179,4,False,senior,2022
690,Marcel,Gawliczek,33,Katowice,HR,4629,9,False,junior,2018
691,Leonard,Heczko,48,Kraków,Finance,9385,2,False,mid,2019
692,Błażej,Prokopiak,33,Warszawa,IT,14572,1,True,mid,2010
693,Fryderyk,Malka,52,Warszawa,Support,9844,28,False,mid,2019
694,Mariusz,Ostasz,42,Warszawa,Support,12243,4,False,senior,2016
695,Jerzy,Szumny,24,Lublin,IT,9680,1,False,mid,2012
696,Szymon,Cebulak,43,Warszawa,Marketing,12292,14,False,senior,2019
697,Melania,Skubis,62,Warszawa,HR,9306,13,False,mid,2013
698,Borys,Sołoducha,39,Warszawa,Support,5119,4,False,junior,2016
699,Wiktor,Kasiak,56,Kraków,Support,10051,22,False,mid,2017
700,Marcelina,Sornat,32,Białystok,Sales,11918,1,True,mid,2025
701,Emil,Januszewicz,65,Warszawa,Finance,7941,3,False,junior,2024
702,Kalina,Hermann,61,Lublin,Marketing,10385,22,False,mid,2012
703,Sebastian,Denkiewicz,51,Lublin,Support,6566,18,False,junior,2019
704,Piotr,Bukowiec,65,Wrocław,IT,14556,41,False,senior,2021
705,Anastazja,Fulara,47,Łódź,Operations,9856,5,False,mid,2025
706,Patryk,Kiljan,23,Kraków,Finance,9927,0,False,mid,2014
707,Julita,Rduch,54,Łódź,IT,9790,6,False,mid,2019
708,Tobiasz,Chalimoniuk,56,Wrocław,Sales,10775,29,False,mid,2022
709,Leonard,Bernard,26,Łódź,Finance,7823,2,False,junior,2020
710,Rozalia,Kudela,56,Łódź,Marketing,7193,15,False,junior,2013
711,Julianna,Maras,59,Warszawa,Finance,10162,29,False,mid,2012
712,Marcin,Kozieja,60,Gdańsk,Operations,8251,6,False,mid,2012
713,Urszula,Rompa,35,Gdańsk,Marketing,5800,13,False,junior,2014
714,Oskar,Jażdżyk,50,Gdańsk,Finance,6796,17,False,junior,2019
715,Marika,Wnuczek,58,Białystok,Marketing,16565,19,False,lead,2010
716,Kalina,Marchlewicz,61,Warszawa,HR,9748,32,False,mid,2011
717,Filip,Pacholczak,22,Kraków,IT,8917,0,False,junior,2022
718,Leonard,Szarejko,62,Wrocław,Finance,13210,20,False,senior,2025
719,Sara,Folga,30,Lublin,Finance,9681,3,False,mid,2014
720,Marek,Nesterowicz,30,Warszawa,Marketing,6988,0,False,junior,2014
721,Olgierd,Teper,27,Wrocław,Finance,10975,1,False,mid,2023
722,Leonard,Staniczek,61,Wrocław,Operations,8924,11,False,mid,2015
723,Maurycy,Juśkiewicz,49,Poznań,Marketing,6302,19,False,junior,2023
724,Ewa,Wajdzik,56,Warszawa,Sales,8176,23,False,junior,2025
725,Rafał,Samoraj,27,Poznań,Operations,13144,1,False,senior,2024
726,Agnieszka,Oleksiewicz,55,Gdańsk,IT,9819,5,False,mid,2019
727,Bruno,Soczewka,61,Poznań,IT,19421,3,False,lead,2020
728,Gaja,Szkoda,48,Katowice,HR,20947,11,True,lead,2019
729,Franciszek,Ziarno,58,Poznań,IT,10695,16,True,junior,2010
730,Józef,Pabis,40,Poznań,Operations,5542,15,False,junior,2018
731,Hubert,Wołodźko,39,Warszawa,IT,7119,8,False,junior,2024
732,Sylwia,Hendzel,45,Łódź,Sales,5935,5,False,junior,2020
733,Krzysztof,Dąbkiewicz,27,Lublin,Operations,9691,1,False,mid,2022
734,Bianka,Magier,37,Warszawa,Sales,13022,14,False,senior,2018
735,Julianna,Lesner,29,Wrocław,HR,6681,0,False,junior,2017
736,Jerzy,Kazimierczyk,46,Poznań,IT,13548,21,False,senior,2019
737,Tymon,Małysiak,50,Rzeszów,Marketing,13376,12,True,mid,2021
738,Gaja,Minkiewicz,49,Lublin,HR,15902,19,False,lead,2018
739,Jacek,Suchora,63,Katowice,Marketing,10611,37,False,mid,2016
740,Tymon,Zatoń,55,Rzeszów,HR,10534,21,True,mid,2012
741,Rozalia,Roczniak,22,Warszawa,Finance,6660,0,False,junior,2018
742,Tymoteusz,Malesza,34,Warszawa,Support,5588,0,False,junior,2013
743,Szymon,Dyś,29,Warszawa,Marketing,14518,1,False,senior,2015
744,Bartek,Budzyń,29,Poznań,Support,5832,2,False,junior,2023
745,Marek,Myk,64,Katowice,HR,9091,20,True,junior,2020
746,Kazimierz,Paśnik,25,Kraków,Finance,17321,2,False,lead,2022
747,Tymoteusz,Bobrowicz,33,Warszawa,Marketing,8635,10,False,mid,2024
748,Mikołaj,Cyganik,38,Warszawa,Marketing,5276,3,False,junior,2025
749,Sandra,Hankiewicz,31,Łódź,HR,17102,0,False,lead,2010
750,Oliwier,Pasieczna,54,Wrocław,Marketing,8487,31,False,mid,2017
751,Wiktor,Teodorowicz,22,Lublin,Sales,18270,0,False,lead,2020
752,Adrianna,Częścik,65,Gdańsk,Support,12889,19,True,mid,2020
753,Olgierd,Korab,27,Kraków,IT,15073,3,False,senior,2016
754,Tola,Kandzia,41,Gdańsk,Finance,17293,12,True,senior,2016
755,Aniela,Makoś,30,Łódź,Sales,6058,0,False,junior,2019
756,Borys,Grzelec,53,Warszawa,HR,15675,28,False,lead,2022
757,Aleksander,Białasik,29,Łódź,Finance,14697,3,False,senior,2014
758,Angelika,Posłuszny,59,Warszawa,IT,19430,14,False,lead,2011
759,Róża,Apostel,37,Gdańsk,Support,5098,4,False,junior,2024
760,Antoni,Surdyk,61,Warszawa,Operations,17437,10,True,senior,2017
761,Malwina,Jachimczak,26,Lublin,Support,9028,1,False,mid,2013
762,Blanka,Rejmer,65,Kraków,Support,7886,36,False,mid,2015
763,Dominik,Glenc,43,Warszawa,Finance,7766,2,False,junior,2015
764,Sara,Gowin,50,Warszawa,IT,19040,7,False,lead,2015
765,Maksymilian,Macek,23,Warszawa,Support,7131,1,False,junior,2019
766,Tymon,Stanisławek,48,Katowice,Marketing,13309,22,False,senior,2024
767,Hubert,Latek,48,Gdańsk,IT,19547,7,False,lead,2012
768,Janina,Elert,62,Warszawa,IT,14671,19,True,mid,2013
769,Arkadiusz,Kasak,61,Rzeszów,Sales,13652,23,False,senior,2018
770,Gaja,Potaczek,25,Warszawa,Operations,7037,1,False,junior,2015
771,Gustaw,Chalimoniuk,32,Warszawa,Finance,17529,10,False,lead,2020
772,Dorota,Świerad,61,Katowice,Support,4819,29,False,junior,2025
773,Kornelia,Teper,54,Kraków,Finance,7216,7,False,junior,2016
774,Oliwier,Piotrkowicz,65,Warszawa,IT,8189,20,False,junior,2016
775,Bianka,Jakubiuk,46,Gdańsk,IT,7385,7,False,junior,2024
776,Przemysław,Jas,33,Wrocław,IT,10604,6,False,mid,2016
777,Aniela,Staręga,43,Gdańsk,HR,9406,4,True,junior,2024
778,Olaf,Rzeszut,48,Warszawa,HR,12196,5,False,senior,2017
779,Natan,Broniarek,27,Poznań,Support,13595,3,False,senior,2018
780,Agnieszka,Bełz,22,Kraków,HR,13923,0,False,senior,2014
781,Urszula,Lelonek,58,Warszawa,Support,9765,0,False,mid,2011
782,Patryk,Bojczuk,49,Katowice,Marketing,13228,16,True,mid,2017
783,Marianna,Bojczuk,27,Łódź,Finance,13968,4,False,senior,2019
784,Juliusz,Maszczyk,37,Łódź,IT,8836,2,False,junior,2010
785,Marcin,Jaje,51,Lublin,Finance,14017,14,False,senior,2024
786,Lidia,Samul,62,Warszawa,Operations,12133,0,False,senior,2019
787,Tomasz,Stwora,49,Rzeszów,Sales,6131,24,False,junior,2020
788,Karol,Gruszczyk,25,Warszawa,Finance,13997,2,False,senior,2021
789,Kornelia,Grzech,33,Warszawa,Marketing,9571,10,False,mid,2017
790,Mariusz,Kolek,56,Katowice,Marketing,9059,7,False,mid,2017
791,Adrian,Roch,42,Poznań,Finance,17027,11,True,senior,2021
792,Stanisław,Smagała,50,Lublin,Sales,10982,15,False,mid,2019
793,Melania,Mordal,50,Łódź,Marketing,8468,19,False,mid,2016
794,Kornel,Posłuszna,51,Białystok,HR,4947,2,False,junior,2015
795,Marcel,Ryszkiewicz,39,Poznań,Operations,8092,3,False,mid,2019
796,Maks,Czerniakiewicz,48,Warszawa,HR,7587,21,False,mid,2019
797,Kaja,Drej,34,Katowice,Operations,6375,1,False,junior,2023
798,Mikołaj,Puła,59,Katowice,Sales,10971,21,False,mid,2024
799,Fabian,Szyguła,51,Białystok,HR,8428,9,False,mid,2025
800,Paweł,Mijas,45,Warszawa,Finance,13181,9,False,senior,2015
801,Dorota,Piegza,56,Warszawa,Marketing,5828,18,False,junior,2015
802,Marcin,Styn,37,Kraków,IT,7255,3,False,junior,2016
803,Karina,Wojtak,57,Rzeszów,IT,10165,2,False,mid,2019
804,Dominik,Janisz,29,Poznań,IT,10811,0,False,mid,2014
805,Dagmara,Zmuda,22,Kraków,Operations,10349,0,False,mid,2014
806,Oliwier,Irla,58,Warszawa,Sales,14056,28,True,mid,2013
807,Konstanty,Panasiewicz,41,Lublin,Finance,11725,0,True,mid,2016
808,Artur,Zawartka,59,Białystok,HR,9705,33,True,junior,2024
809,Marianna,Szylar,65,Rzeszów,Finance,18970,42,False,lead,2011
810,Melania,Biesaga,64,Łódź,Finance,8549,23,False,mid,2019
811,Dagmara,Kwasek,44,Wrocław,Sales,10619,11,False,mid,2023
812,Cezary,Kozaczuk,50,Łódź,Operations,6696,9,False,junior,2014
813,Grzegorz,Leszczuk,59,Kraków,Support,6073,5,False,junior,2012
814,Fabian,Boba,59,Wrocław,Support,6976,24,False,junior,2024
815,Nataniel,Cichowlas,58,Lublin,HR,5736,8,False,junior,2019
816,Grzegorz,Kominiak,53,Katowice,IT,8435,29,False,junior,2013
817,Julian,Matejuk,63,Poznań,Marketing,8688,18,False,mid,2018
818,Blanka,Osiadacz,53,Wrocław,Sales,9856,4,False,mid,2025
819,Julian,Bawoł,29,Gdańsk,Operations,8239,5,False,mid,2014
820,Antoni,Oleksiewicz,42,Warszawa,IT,15218,14,False,senior,2021
821,Liwia,Wacławczyk,25,Gdańsk,IT,7250,2,False,junior,2013
822,Albert,Getka,60,Lublin,Operations,9233,10,False,mid,2018
823,Agnieszka,Gogola,65,Gdańsk,Operations,10122,23,True,junior,2019
824,Damian,Lipowicz,45,Białystok,IT,11561,15,False,mid,2017
825,Fabian,Calik,34,Gdańsk,Operations,14179,12,False,senior,2013
826,Arkadiusz,Parzonka,48,Warszawa,IT,21926,14,True,lead,2019
827,Nicole,Wlazły,45,Białystok,Sales,14201,4,False,senior,2015
828,Karol,Garczyk,41,Warszawa,IT,14428,0,False,senior,2019
829,Mikołaj,Sulik,30,Warszawa,Marketing,5518,3,False,junior,2010
830,Damian,Dynak,52,Warszawa,IT,11929,24,False,mid,2011
831,Franciszek,Ochab,52,Warszawa,HR,18895,3,True,lead,2013
832,Maksymilian,Białk,60,Warszawa,Marketing,11796,13,True,mid,2018
833,Sara,Maligłówka,59,Lublin,Operations,10068,22,False,mid,2012
834,Kaja,Smykla,28,Warszawa,IT,10654,6,False,mid,2015
835,Sara,Krężołek,56,Warszawa,IT,19444,0,False,lead,2021
836,Jeremi,Ochnik,59,Rzeszów,IT,11054,11,False,mid,2023
837,Ida,Brzykcy,35,Warszawa,Support,5151,8,False,junior,2014
838,Mieszko,Kałwak,53,Gdańsk,IT,13973,23,False,senior,2022
839,Kamil,Latacz,40,Kraków,Support,9968,14,False,mid,2023
840,Tola,Łyczek,40,Warszawa,Operations,6505,13,False,junior,2015
841,Anna Maria,Małż,22,Wrocław,Sales,9288,0,False,mid,2014
842,Norbert,Bulanda,47,Rzeszów,Marketing,8891,12,False,mid,2012
843,Borys,Drobik,45,Gdańsk,Support,9439,6,False,mid,2025
844,Adam,Opoka,39,Katowice,Support,14170,8,False,senior,2022
845,Gabriel,Bok,53,Wrocław,IT,7445,17,False,junior,2014
846,Bruno,Biesaga,23,Lublin,Sales,16533,0,True,senior,2022
847,Sebastian,Melcer,60,Gdańsk,IT,11629,20,True,junior,2025
848,Juliusz,Bartoś,51,Poznań,Sales,8014,6,False,junior,2010
849,Arkadiusz,Engler,24,Warszawa,Finance,14312,1,False,senior,2024
850,Jan,Klęczar,24,Łódź,Operations,5672,0,False,junior,2025
851,Kornelia,Chlebek,49,Wrocław,Marketing,10209,4,False,mid,2025
852,Adrian,Ciećko,52,Poznań,Finance,14047,17,False,senior,2021
853,Ewelina,Imiołczyk,40,Gdańsk,IT,8891,10,False,junior,2010
854,Olaf,Męcik,62,Wrocław,Support,7931,21,False,mid,2017
855,Melania,Krzystek,37,Gdańsk,Support,11948,7,True,mid,2013
856,Maks,Armatys,43,Kraków,Finance,7826,5,False,junior,2023
857,Ewa,Kuśmider,39,Gdańsk,Support,9298,0,False,mid,2020
858,Maciej,Zaniewicz,58,Warszawa,Marketing,14259,6,False,senior,2020
859,Kacper,Bojarczuk,32,Rzeszów,IT,6808,9,False,junior,2016
860,Igor,Klisz,40,Rzeszów,Finance,5876,8,False,junior,2013
861,Jędrzej,Buszko,59,Gdańsk,Sales,7222,21,False,junior,2012
862,Marianna,Witka,63,Kraków,Marketing,9897,19,False,mid,2022
863,Olga,Sromek,38,Katowice,IT,14614,16,True,mid,2015
864,Urszula,Bartoś,58,Rzeszów,Marketing,7382,31,False,junior,2023
865,Oliwier,Polasik,58,Wrocław,IT,10729,3,False,mid,2023
866,Michał,Wudarczyk,48,Białystok,Sales,13893,10,False,senior,2019
867,Alan,Hołysz,63,Gdańsk,Finance,9286,10,True,junior,2010
868,Róża,Paczos,37,Gdańsk,Finance,8651,9,False,mid,2016
869,Olgierd,Kopij,32,Kraków,Operations,5720,4,False,junior,2011
870,Justyna,Usarek,53,Białystok,HR,4760,1,False,junior,2023
871,Dominik,Ruszel,45,Warszawa,Support,8275,21,False,mid,2017
872,Justyna,Kuczak,29,Lublin,Support,8731,1,False,mid,2025
873,Blanka,Koziarz,27,Katowice,HR,9097,1,False,mid,2017
874,Maksymilian,Tylman,49,Warszawa,Support,5741,6,False,junior,2011
875,Fabian,Pasieczna,53,Warszawa,Sales,9809,23,False,mid,2018
876,Natan,Wójcikiewicz,31,Wrocław,HR,9981,5,False,mid,2011
877,Józef,Citko,64,Katowice,IT,10766,3,False,mid,2021
878,Alan,Jarczyk,65,Kraków,Finance,13109,7,True,mid,2018
879,Apolonia,Gmurczyk,41,Katowice,HR,16156,2,False,lead,2024
880,Oliwier,Potaczek,62,Katowice,Finance,15828,20,True,senior,2025
881,Apolonia,Lemieszek,52,Lublin,Marketing,8611,23,False,mid,2015
882,Nataniel,Zmarzły,38,Wrocław,Marketing,6538,16,False,junior,2024
883,Tymon,Księżak,23,Warszawa,Finance,8512,0,False,mid,2022
884,Paweł,Rurarz,34,Gdańsk,IT,10032,10,False,mid,2023
885,Juliusz,Kopczyk,42,Katowice,HR,8841,14,False,mid,2019
886,Tymoteusz,Plona,34,Warszawa,Operations,10336,1,False,mid,2017
887,Marcin,Trojanowicz,23,Łódź,Sales,18694,0,False,lead,2016
888,Igor,Wojtalik,38,Gdańsk,Sales,7307,5,False,junior,2015
889,Anastazja,Musiolik,58,Poznań,Operations,7024,7,False,junior,2013
890,Sylwia,Wiza,36,Rzeszów,Operations,7024,11,False,junior,2022
891,Elżbieta,Śliż,30,Gdańsk,Support,12475,6,False,senior,2023
892,Sylwia,Czuryło,33,Warszawa,Support,13547,6,False,senior,2017
893,Kazimierz,Rajman,45,Wrocław,IT,10824,18,False,mid,2022
894,Jędrzej,Barteczko,65,Łódź,Marketing,12590,13,False,senior,2011
895,Monika,Gajdzik,25,Poznań,Finance,18950,2,False,lead,2011
896,Natasza,Basaj,22,Wrocław,Support,8241,0,False,mid,2011
897,Emil,Wyroślak,59,Poznań,Support,5240,11,False,junior,2012
898,Jacek,Kosowicz,42,Kraków,HR,9544,16,False,mid,2018
899,Adam,Szalast,45,Lublin,Sales,6880,13,False,junior,2020
900,Dorota,Bródka,49,Rzeszów,Marketing,10002,5,False,mid,2011
901,Fabian,Tołoczko,34,Warszawa,Sales,7713,2,False,junior,2023
902,Aniela,Wdowczyk,29,Wrocław,Marketing,7219,7,False,junior,2013
903,Adam,Bany,31,Warszawa,HR,9583,1,False,mid,2018
904,Stefan,Fiedorczuk,58,Rzeszów,Sales,10505,13,False,mid,2012
905,Tomasz,Grzelec,37,Lublin,IT,9999,15,False,mid,2022
906,Gaja,Krystkowiak,45,Warszawa,HR,20385,18,True,lead,2025
907,Ernest,Bociek,51,Gdańsk,IT,19355,20,False,lead,2020
908,Elżbieta,Rębiś,58,Warszawa,Sales,6027,8,False,junior,2012
909,Maciej,Mirończuk,57,Kraków,IT,8133,24,False,junior,2012
910,Anita,Ładniak,23,Katowice,HR,5131,0,False,junior,2013
911,Rafał,Glonek,41,Katowice,Support,14171,15,False,senior,2014
912,Lidia,Dawiec,44,Wrocław,IT,8089,21,False,junior,2025
913,Krystian,Łukowicz,39,Wrocław,Finance,7244,13,False,junior,2012
914,Aniela,Małota,24,Wrocław,IT,10135,2,False,mid,2025
915,Cyprian,Żelasko,55,Poznań,IT,7730,33,False,junior,2014
916,Karol,Jonik,30,Poznań,HR,14813,4,True,senior,2011
917,Tymoteusz,Rejniak,54,Wrocław,Finance,9537,6,False,mid,2021
918,Witold,Karwala,38,Warszawa,Marketing,12946,2,False,senior,2022
919,Monika,Sabała,24,Łódź,HR,9342,0,False,mid,2018
920,Anna Maria,Zinkiewicz,43,Warszawa,Support,5135,5,False,junior,2023
921,Damian,Nagel,56,Warszawa,IT,8159,1,False,junior,2025
922,Mariusz,Małyszek,41,Gdańsk,Marketing,13817,19,False,senior,2019
923,Tobiasz,Semik,27,Warszawa,Operations,5770,1,False,junior,2010
924,Natan,Bochnak,35,Łódź,Finance,10706,7,False,mid,2016
925,Mikołaj,Imiela,27,Warszawa,Finance,16124,2,True,senior,2024
926,Józef,Stanisławek,53,Wrocław,IT,8104,30,False,junior,2011
927,Kornel,Klamka,43,Lublin,Finance,7530,0,False,junior,2019
928,Dagmara,Franaszek,24,Poznań,Marketing,10198,1,False,mid,2017
929,Ernest,Gogół,25,Kraków,IT,11208,0,False,mid,2025
930,Iwo,Indyka,29,Łódź,Finance,9160,7,False,mid,2019
931,Krystian,Borkiewicz,34,Kraków,IT,10889,7,False,mid,2024
932,Maksymilian,Sypuła,30,Wrocław,Finance,13975,4,False,senior,2025
933,Julian,Łepek,32,Łódź,IT,7209,9,False,junior,2016
934,Fabian,Bacia,32,Katowice,Support,8661,9,False,mid,2016
935,Kamila,Banachowicz,57,Wrocław,HR,16215,3,False,lead,2011
936,Gaja,Białach,26,Gdańsk,IT,10556,2,False,mid,2020
937,Karol,Laszczyk,44,Gdańsk,Operations,14111,1,False,senior,2013
938,Melania,Miękina,25,Rzeszów,Marketing,14700,3,False,senior,2013
939,Kornel,Dywan,57,Warszawa,IT,10981,2,False,mid,2015
940,Hubert,Posłuszna,40,Poznań,Operations,13489,14,False,senior,2020
941,Anna Maria,Deluga,30,Wrocław,Finance,13504,1,False,senior,2025
942,Kaja,Doruch,43,Warszawa,Finance,9977,9,False,mid,2017
943,Olgierd,Gniewek,31,Kraków,Operations,9676,8,False,mid,2024
944,Olgierd,Fiołka,55,Wrocław,Operations,18119,23,False,lead,2012
945,Grzegorz,Okraska,27,Rzeszów,IT,12651,2,True,mid,2014
946,Cyprian,Peda,58,Rzeszów,Operations,17211,3,False,lead,2023
947,Ada,Wojtyś,47,Lublin,Marketing,13609,21,False,senior,2010
948,Artur,Matla,39,Warszawa,Finance,10729,16,False,mid,2024
949,Marcin,Nałęcz,44,Warszawa,HR,11870,20,True,mid,2022
950,Gustaw,Wiercigroch,30,Kraków,IT,19635,8,False,lead,2020
951,Oskar,Jędraszczyk,62,Białystok,Sales,7044,10,False,junior,2023
952,Rozalia,Wawrzyk,54,Lublin,HR,12007,7,False,senior,2011
953,Anna Maria,Wdowczyk,63,Gdańsk,IT,10467,7,False,mid,2017
954,Natan,Westfal,44,Katowice,Marketing,6746,9,False,junior,2017
955,Adrian,Fryś,28,Warszawa,Operations,8600,2,False,mid,2023
956,Albert,Golda,48,Wrocław,IT,6819,2,False,junior,2021
957,Miłosz,Wawszczyk,65,Gdańsk,Operations,10393,33,False,mid,2025
958,Leon,Hanzel,62,Łódź,Support,17407,27,False,lead,2015
959,Monika,Zdziech,31,Łódź,IT,8667,8,False,junior,2013
960,Klara,Kukuczka,35,Katowice,Support,8186,7,False,mid,2023
961,Marek,Kuska,29,Kraków,Sales,13048,1,True,mid,2021
962,Ryszard,Dzienniak,41,Katowice,IT,9699,9,False,mid,2019
963,Adrianna,Sztaba,40,Katowice,IT,6776,6,False,junior,2011
964,Ewelina,Jaremko,48,Gdańsk,Support,9646,15,False,mid,2014
965,Fabian,Lepka,30,Katowice,Marketing,9532,8,False,mid,2012
966,Natasza,Wawrzyk,61,Kraków,Finance,10314,39,False,mid,2018
967,Eryk,Wojcik,63,Łódź,Sales,14065,5,False,senior,2013
968,Anita,Sulich,63,Rzeszów,Sales,8135,35,False,junior,2016
969,Marcelina,Kulus,52,Warszawa,Support,11777,16,False,senior,2018
970,Ryszard,Cisoń,35,Lublin,Sales,17985,3,True,senior,2020
971,Fryderyk,Dudczak,47,Lublin,IT,8199,18,False,junior,2010
972,Liwia,Oleksik,55,Warszawa,Support,8868,20,False,mid,2014
973,Miłosz,Łaś,33,Warszawa,Support,11941,4,False,senior,2020
974,Ksawery,Kara,33,Kraków,IT,14827,0,False,senior,2018
975,Sebastian,Jeżyna,46,Kraków,Sales,7883,3,False,junior,2022
976,Iwo,Solarek,29,Wrocław,Finance,7169,4,False,junior,2017
977,Karina,Żymełka,23,Gdańsk,IT,10014,1,False,mid,2019
978,Mariusz,Pośnik,58,Lublin,Sales,9383,26,False,mid,2021
979,Paweł,Mytnik,56,Poznań,Finance,14350,10,False,senior,2011
980,Eliza,Kozień,22,Gdańsk,Marketing,16446,0,False,lead,2025
981,Marcel,Szyda,39,Wrocław,Finance,14896,8,False,senior,2019
982,Karol,Fuławka,24,Gdańsk,HR,12003,0,False,senior,2014
983,Miłosz,Wakuła,57,Warszawa,Sales,14203,17,False,senior,2018
984,Aniela,Korab,50,Rzeszów,HR,6955,8,False,junior,2020
985,Tymon,Zaguła,23,Warszawa,Sales,9510,0,False,mid,2023
986,Justyna,Oleksiewicz,57,Poznań,Operations,12317,31,False,senior,2010
987,Borys,Łaś,64,Kraków,Operations,9466,28,False,mid,2022
988,Aniela,Piekart,33,Warszawa,Finance,16538,11,False,lead,2017
989,Nataniel,Hejduk,23,Łódź,IT,10741,1,False,mid,2017
990,Urszula,Lesisz,36,Warszawa,Sales,19282,7,False,lead,2016
991,Ewa,Szmaj,22,Gdańsk,IT,19549,0,False,lead,2025
992,Mariusz,Pik,32,Katowice,Marketing,5918,8,False,junior,2012
993,Ernest,Golon,59,Warszawa,Support,13842,8,False,senior,2018
994,Mariusz,Dzierwa,34,Rzeszów,Marketing,7494,10,False,junior,2024
995,Antoni,Siejak,22,Białystok,IT,11271,0,False,mid,2023
996,Oskar,Orawiec,39,Wrocław,Finance,9419,3,False,mid,2011
997,Józef,Lenc,39,Kraków,Finance,10842,13,False,mid,2010
998,Tymon,Matla,36,Warszawa,IT,10773,11,False,mid,2012
999,Piotr,Weremczuk,62,Poznań,Operations,6369,40,False,junior,2018
1000,Natasza,Szeja,37,Rzeszów,Operations,10128,3,False,mid,2017
