dataset_size,dataset_file,query_name,strategy,workers,repeats,avg_build_time_seconds,avg_search_time_seconds,avg_total_time_seconds,min_total_time_seconds,max_total_time_seconds,result_count,all_equal_to_linear,errors_count
1000,employees_1000.csv,id_eq_100,linear,-,3,0.000000000,0.000054533,0.000054533,0.000041500,0.000061600,1,True,0
1000,employees_1000.csv,id_eq_100,indexed,-,3,0.000495367,0.000002500,0.000497867,0.000128400,0.001207100,1,True,0
1000,employees_1000.csv,id_eq_100,parallel,1,3,0.000000000,0.645482133,0.645482133,0.586590400,0.690760200,1,True,0
1000,employees_1000.csv,id_eq_100,parallel,2,3,0.000000000,0.637714967,0.637714967,0.618577700,0.648912500,1,True,0
1000,employees_1000.csv,id_eq_100,parallel,4,3,0.000000000,0.644474600,0.644474600,0.622962900,0.660239600,1,True,0
1000,employees_1000.csv,id_eq_100,parallel,8,3,0.000000000,0.836294600,0.836294600,0.796053000,0.891245900,1,True,0
1000,employees_1000.csv,id_eq_100,parallel,12,3,0.000000000,1.003016000,1.003016000,0.978338000,1.028375200,1,True,0
1000,employees_1000.csv,id_eq_100,distributed,1,3,0.000000000,0.008955733,0.008955733,0.005395600,0.014327500,1,True,0
1000,employees_1000.csv,id_eq_100,distributed,2,3,0.000000000,0.006119167,0.006119167,0.003832800,0.010321900,1,True,0
1000,employees_1000.csv,id_eq_100,distributed,4,3,0.000000000,0.007104133,0.007104133,0.003910600,0.010722800,1,True,0
1000,employees_1000.csv,id_eq_100,distributed,8,3,0.000000000,0.006524700,0.006524700,0.004061300,0.010681100,1,True,0
1000,employees_1000.csv,id_eq_100,distributed,12,3,0.000000000,0.009767533,0.009767533,0.004681200,0.012329200,1,True,0
1000,employees_1000.csv,city_eq_warszawa,linear,-,3,0.000000000,0.000083833,0.000083833,0.000060300,0.000112000,239,True,0
1000,employees_1000.csv,city_eq_warszawa,indexed,-,3,0.000103400,0.000001100,0.000104500,0.000098800,0.000112000,239,True,0
1000,employees_1000.csv,city_eq_warszawa,parallel,1,3,0.000000000,0.587683867,0.587683867,0.575581800,0.598576100,239,True,0
1000,employees_1000.csv,city_eq_warszawa,parallel,2,3,0.000000000,0.598759900,0.598759900,0.590903200,0.611564900,239,True,0
1000,employees_1000.csv,city_eq_warszawa,parallel,4,3,0.000000000,0.652627800,0.652627800,0.636028100,0.662947700,239,True,0
1000,employees_1000.csv,city_eq_warszawa,parallel,8,3,0.000000000,0.819659900,0.819659900,0.807052400,0.830695000,239,True,0
1000,employees_1000.csv,city_eq_warszawa,parallel,12,3,0.000000000,1.013993000,1.013993000,1.001188200,1.024883100,239,True,0
1000,employees_1000.csv,city_eq_warszawa,distributed,1,3,0.000000000,0.006458967,0.006458967,0.006170600,0.006610800,239,True,0
1000,employees_1000.csv,city_eq_warszawa,distributed,2,3,0.000000000,0.004269800,0.004269800,0.004174200,0.004332600,239,True,0
1000,employees_1000.csv,city_eq_warszawa,distributed,4,3,0.000000000,0.007239567,0.007239567,0.004225500,0.012740300,239,True,0
1000,employees_1000.csv,city_eq_warszawa,distributed,8,3,0.000000000,0.008130833,0.008130833,0.004642300,0.013044500,239,True,0
1000,employees_1000.csv,city_eq_warszawa,distributed,12,3,0.000000000,0.006003767,0.006003767,0.005145500,0.006810800,239,True,0
1000,employees_1000.csv,department_eq_it,linear,-,3,0.000000000,0.000090033,0.000090033,0.000063400,0.000130200,239,True,0
1000,employees_1000.csv,department_eq_it,indexed,-,3,0.000140600,0.000001433,0.000142033,0.000108800,0.000177600,239,True,0
1000,employees_1000.csv,department_eq_it,parallel,1,3,0.000000000,0.610990367,0.610990367,0.594929200,0.629134000,239,True,0
1000,employees_1000.csv,department_eq_it,parallel,2,3,0.000000000,0.649368567,0.649368567,0.593891900,0.698013500,239,True,0
1000,employees_1000.csv,department_eq_it,parallel,4,3,0.000000000,0.677909000,0.677909000,0.651720700,0.729796400,239,True,0
1000,employees_1000.csv,department_eq_it,parallel,8,3,0.000000000,0.883455267,0.883455267,0.824417900,0.958450400,239,True,0
1000,employees_1000.csv,department_eq_it,parallel,12,3,0.000000000,1.063006600,1.063006600,1.052249500,1.082827000,239,True,0
1000,employees_1000.csv,department_eq_it,distributed,1,3,0.000000000,0.010172500,0.010172500,0.006097600,0.014742100,239,True,0
1000,employees_1000.csv,department_eq_it,distributed,2,3,0.000000000,0.010094567,0.010094567,0.007885500,0.012337000,239,True,0
1000,employees_1000.csv,department_eq_it,distributed,4,3,0.000000000,0.006995300,0.006995300,0.004036500,0.009518300,239,True,0
1000,employees_1000.csv,department_eq_it,distributed,8,3,0.000000000,0.010148333,0.010148333,0.004554800,0.014466000,239,True,0
1000,employees_1000.csv,department_eq_it,distributed,12,3,0.000000000,0.014785633,0.014785633,0.005246900,0.022296800,239,True,0
1000,employees_1000.csv,salary_gt_12000,linear,-,3,0.000000000,0.000111000,0.000111000,0.000093600,0.000120900,313,True,0
1000,employees_1000.csv,salary_gt_12000,indexed,-,3,0.000000000,0.000355233,0.000355233,0.000325400,0.000385600,313,True,0
1000,employees_1000.csv,salary_gt_12000,parallel,1,3,0.000000000,0.766393133,0.766393133,0.695646800,0.866029900,313,True,0
1000,employees_1000.csv,salary_gt_12000,parallel,2,3,0.000000000,0.646416700,0.646416700,0.627082600,0.665373100,313,True,0
1000,employees_1000.csv,salary_gt_12000,parallel,4,3,0.000000000,0.688212500,0.688212500,0.679369800,0.700226400,313,True,0
1000,employees_1000.csv,salary_gt_12000,parallel,8,3,0.000000000,0.871810633,0.871810633,0.860170100,0.879923600,313,True,0
1000,employees_1000.csv,salary_gt_12000,parallel,12,3,0.000000000,1.089645533,1.089645533,1.070081700,1.102916200,313,True,0
1000,employees_1000.csv,salary_gt_12000,distributed,1,3,0.000000000,0.010755067,0.010755067,0.010546400,0.010934900,313,True,0
1000,employees_1000.csv,salary_gt_12000,distributed,2,3,0.000000000,0.007686833,0.007686833,0.006986200,0.008849400,313,True,0
1000,employees_1000.csv,salary_gt_12000,distributed,4,3,0.000000000,0.008241200,0.008241200,0.007643400,0.009250900,313,True,0
1000,employees_1000.csv,salary_gt_12000,distributed,8,3,0.000000000,0.014415200,0.014415200,0.010615700,0.019986600,313,True,0
1000,employees_1000.csv,salary_gt_12000,distributed,12,3,0.000000000,0.020797100,0.020797100,0.019286100,0.021668500,313,True,0
1000,employees_1000.csv,age_ge_40,linear,-,3,0.000000000,0.000123200,0.000123200,0.000100400,0.000139800,600,True,0
1000,employees_1000.csv,age_ge_40,indexed,-,3,0.000000000,0.000275233,0.000275233,0.000242400,0.000312400,600,True,0
1000,employees_1000.csv,age_ge_40,parallel,1,3,0.000000000,0.678671733,0.678671733,0.638053800,0.734493900,600,True,0
1000,employees_1000.csv,age_ge_40,parallel,2,3,0.000000000,0.660209667,0.660209667,0.644810800,0.668842700,600,True,0
1000,employees_1000.csv,age_ge_40,parallel,4,3,0.000000000,0.670993867,0.670993867,0.655274700,0.685554300,600,True,0
1000,employees_1000.csv,age_ge_40,parallel,8,3,0.000000000,0.877623133,0.877623133,0.869956200,0.887607200,600,True,0
1000,employees_1000.csv,age_ge_40,parallel,12,3,0.000000000,1.077211233,1.077211233,1.068821000,1.090184600,600,True,0
1000,employees_1000.csv,age_ge_40,distributed,1,3,0.000000000,0.013152033,0.013152033,0.011101200,0.014621800,600,True,0
1000,employees_1000.csv,age_ge_40,distributed,2,3,0.000000000,0.008125000,0.008125000,0.007662300,0.008408100,600,True,0
1000,employees_1000.csv,age_ge_40,distributed,4,3,0.000000000,0.008181567,0.008181567,0.007733500,0.008615400,600,True,0
1000,employees_1000.csv,age_ge_40,distributed,8,3,0.000000000,0.012532633,0.012532633,0.010641700,0.013885300,600,True,0
1000,employees_1000.csv,age_ge_40,distributed,12,3,0.000000000,0.017604200,0.017604200,0.015910200,0.020363300,600,True,0
1000,employees_1000.csv,is_manager_eq_true,linear,-,3,0.000000000,0.000095667,0.000095667,0.000091200,0.000100600,102,True,0
1000,employees_1000.csv,is_manager_eq_true,indexed,-,3,0.000159933,0.000001567,0.000161500,0.000138900,0.000181700,102,True,0
1000,employees_1000.csv,is_manager_eq_true,parallel,1,3,0.000000000,0.663396533,0.663396533,0.653476200,0.671303800,102,True,0
1000,employees_1000.csv,is_manager_eq_true,parallel,2,3,0.000000000,0.644208000,0.644208000,0.633863200,0.660171300,102,True,0
1000,employees_1000.csv,is_manager_eq_true,parallel,4,3,0.000000000,0.659358033,0.659358033,0.654186100,0.669366200,102,True,0
1000,employees_1000.csv,is_manager_eq_true,parallel,8,3,0.000000000,0.846042500,0.846042500,0.843192600,0.848706300,102,True,0
1000,employees_1000.csv,is_manager_eq_true,parallel,12,3,0.000000000,1.082600400,1.082600400,1.071376900,1.098380600,102,True,0
1000,employees_1000.csv,is_manager_eq_true,distributed,1,3,0.000000000,0.010373933,0.010373933,0.009339800,0.010965200,102,True,0
1000,employees_1000.csv,is_manager_eq_true,distributed,2,3,0.000000000,0.006990167,0.006990167,0.006379500,0.007576600,102,True,0
1000,employees_1000.csv,is_manager_eq_true,distributed,4,3,0.000000000,0.007411500,0.007411500,0.006641200,0.008381000,102,True,0
1000,employees_1000.csv,is_manager_eq_true,distributed,8,3,0.000000000,0.012143133,0.012143133,0.010288500,0.013728800,102,True,0
1000,employees_1000.csv,is_manager_eq_true,distributed,12,3,0.000000000,0.015093167,0.015093167,0.014402600,0.016004500,102,True,0
1000,employees_1000.csv,last_name_contains_ski,linear,-,3,0.000000000,0.000154300,0.000154300,0.000139300,0.000163000,2,True,0
1000,employees_1000.csv,last_name_contains_ski,indexed,-,3,0.000000000,0.000409333,0.000409333,0.000391900,0.000435400,2,True,0
1000,employees_1000.csv,last_name_contains_ski,parallel,1,3,0.000000000,0.716158467,0.716158467,0.705737200,0.724258500,2,True,0
1000,employees_1000.csv,last_name_contains_ski,parallel,2,3,0.000000000,0.648064667,0.648064667,0.619986800,0.682365100,2,True,0
1000,employees_1000.csv,last_name_contains_ski,parallel,4,3,0.000000000,0.683706367,0.683706367,0.655977900,0.713008300,2,True,0
1000,employees_1000.csv,last_name_contains_ski,parallel,8,3,0.000000000,0.908191633,0.908191633,0.882411400,0.953043200,2,True,0
1000,employees_1000.csv,last_name_contains_ski,parallel,12,3,0.000000000,1.111562100,1.111562100,1.079259100,1.149975200,2,True,0
1000,employees_1000.csv,last_name_contains_ski,distributed,1,3,0.000000000,0.009352267,0.009352267,0.008971200,0.009761900,2,True,0
1000,employees_1000.csv,last_name_contains_ski,distributed,2,3,0.000000000,0.006812500,0.006812500,0.006086800,0.007356000,2,True,0
1000,employees_1000.csv,last_name_contains_ski,distributed,4,3,0.000000000,0.007354233,0.007354233,0.006375500,0.008067000,2,True,0
1000,employees_1000.csv,last_name_contains_ski,distributed,8,3,0.000000000,0.011506033,0.011506033,0.011161900,0.011685700,2,True,0
1000,employees_1000.csv,last_name_contains_ski,distributed,12,3,0.000000000,0.025861000,0.025861000,0.016607900,0.040965700,2,True,0
5000,employees_5000.csv,id_eq_100,linear,-,3,0.000000000,0.000385733,0.000385733,0.000299100,0.000468000,1,True,0
5000,employees_5000.csv,id_eq_100,indexed,-,3,0.000822900,0.000001800,0.000824700,0.000544800,0.001366200,1,True,0
5000,employees_5000.csv,id_eq_100,parallel,1,3,0.000000000,0.678713467,0.678713467,0.639643900,0.719172800,1,True,0
5000,employees_5000.csv,id_eq_100,parallel,2,3,0.000000000,0.662785500,0.662785500,0.641135200,0.685941000,1,True,0
5000,employees_5000.csv,id_eq_100,parallel,4,3,0.000000000,0.704415533,0.704415533,0.667701900,0.747928700,1,True,0
5000,employees_5000.csv,id_eq_100,parallel,8,3,0.000000000,0.898871433,0.898871433,0.864200000,0.917684400,1,True,0
5000,employees_5000.csv,id_eq_100,parallel,12,3,0.000000000,1.099260800,1.099260800,1.089992500,1.115128300,1,True,0
5000,employees_5000.csv,id_eq_100,distributed,1,3,0.000000000,0.018056900,0.018056900,0.014078100,0.025620300,1,True,0
5000,employees_5000.csv,id_eq_100,distributed,2,3,0.000000000,0.010957833,0.010957833,0.010242700,0.011691900,1,True,0
5000,employees_5000.csv,id_eq_100,distributed,4,3,0.000000000,0.018537067,0.018537067,0.011029400,0.022419400,1,True,0
5000,employees_5000.csv,id_eq_100,distributed,8,3,0.000000000,0.007985833,0.007985833,0.007586500,0.008306500,1,True,0
5000,employees_5000.csv,id_eq_100,distributed,12,3,0.000000000,0.007780300,0.007780300,0.007358200,0.008444800,1,True,0
5000,employees_5000.csv,city_eq_warszawa,linear,-,3,0.000000000,0.000402100,0.000402100,0.000317300,0.000539000,1132,True,0
5000,employees_5000.csv,city_eq_warszawa,indexed,-,3,0.000489067,0.000001367,0.000490433,0.000455700,0.000513200,1132,True,0
5000,employees_5000.csv,city_eq_warszawa,parallel,1,3,0.000000000,0.785750800,0.785750800,0.640915200,1.034942200,1132,True,0
5000,employees_5000.csv,city_eq_warszawa,parallel,2,3,0.000000000,0.638261400,0.638261400,0.617003900,0.652043600,1132,True,0
5000,employees_5000.csv,city_eq_warszawa,parallel,4,3,0.000000000,0.687577200,0.687577200,0.664008500,0.705633200,1132,True,0
5000,employees_5000.csv,city_eq_warszawa,parallel,8,3,0.000000000,0.858494733,0.858494733,0.852951300,0.862495200,1132,True,0
5000,employees_5000.csv,city_eq_warszawa,parallel,12,3,0.000000000,1.083239367,1.083239367,1.069865600,1.100483500,1132,True,0
5000,employees_5000.csv,city_eq_warszawa,distributed,1,3,0.000000000,0.017329667,0.017329667,0.016844800,0.017601600,1132,True,0
5000,employees_5000.csv,city_eq_warszawa,distributed,2,3,0.000000000,0.013105433,0.013105433,0.012478800,0.014079200,1132,True,0
5000,employees_5000.csv,city_eq_warszawa,distributed,4,3,0.000000000,0.019370300,0.019370300,0.014693900,0.021861400,1132,True,0
5000,employees_5000.csv,city_eq_warszawa,distributed,8,3,0.000000000,0.010680400,0.010680400,0.009703000,0.011463900,1132,True,0
5000,employees_5000.csv,city_eq_warszawa,distributed,12,3,0.000000000,0.010806433,0.010806433,0.010151500,0.011367300,1132,True,0
5000,employees_5000.csv,department_eq_it,linear,-,3,0.000000000,0.000397767,0.000397767,0.000335900,0.000477500,1233,True,0
5000,employees_5000.csv,department_eq_it,indexed,-,3,0.000493900,0.000001367,0.000495267,0.000438700,0.000550600,1233,True,0
5000,employees_5000.csv,department_eq_it,parallel,1,3,0.000000000,0.657811200,0.657811200,0.622352300,0.709544500,1233,True,0
5000,employees_5000.csv,department_eq_it,parallel,2,3,0.000000000,0.623081733,0.623081733,0.622252200,0.624339600,1233,True,0
5000,employees_5000.csv,department_eq_it,parallel,4,3,0.000000000,0.662105633,0.662105633,0.650059500,0.673961400,1233,True,0
5000,employees_5000.csv,department_eq_it,parallel,8,3,0.000000000,0.869288367,0.869288367,0.858615900,0.878389600,1233,True,0
5000,employees_5000.csv,department_eq_it,parallel,12,3,0.000000000,1.088992400,1.088992400,1.082416500,1.099171500,1233,True,0
5000,employees_5000.csv,department_eq_it,distributed,1,3,0.000000000,0.018161000,0.018161000,0.017492700,0.018984700,1233,True,0
5000,employees_5000.csv,department_eq_it,distributed,2,3,0.000000000,0.017772033,0.017772033,0.013043300,0.026861500,1233,True,0
5000,employees_5000.csv,department_eq_it,distributed,4,3,0.000000000,0.013240533,0.013240533,0.012054400,0.013844300,1233,True,0
5000,employees_5000.csv,department_eq_it,distributed,8,3,0.000000000,0.009973267,0.009973267,0.009042600,0.011063800,1233,True,0
5000,employees_5000.csv,department_eq_it,distributed,12,3,0.000000000,0.009950733,0.009950733,0.009243100,0.011141200,1233,True,0
5000,employees_5000.csv,salary_gt_12000,linear,-,3,0.000000000,0.000351067,0.000351067,0.000305100,0.000401700,1682,True,0
5000,employees_5000.csv,salary_gt_12000,indexed,-,3,0.000000000,0.000959333,0.000959333,0.000883200,0.001045200,1682,True,0
5000,employees_5000.csv,salary_gt_12000,parallel,1,3,0.000000000,0.645089000,0.645089000,0.639217100,0.653380600,1682,True,0
5000,employees_5000.csv,salary_gt_12000,parallel,2,3,0.000000000,0.636626500,0.636626500,0.607295600,0.659930100,1682,True,0
5000,employees_5000.csv,salary_gt_12000,parallel,4,3,0.000000000,0.671424267,0.671424267,0.663374200,0.687204200,1682,True,0
5000,employees_5000.csv,salary_gt_12000,parallel,8,3,0.000000000,0.852183133,0.852183133,0.841299200,0.859189100,1682,True,0
5000,employees_5000.csv,salary_gt_12000,parallel,12,3,0.000000000,1.077056300,1.077056300,1.061192200,1.097678400,1682,True,0
5000,employees_5000.csv,salary_gt_12000,distributed,1,3,0.000000000,0.021866667,0.021866667,0.017636300,0.029678800,1682,True,0
5000,employees_5000.csv,salary_gt_12000,distributed,2,3,0.000000000,0.015031433,0.015031433,0.013949200,0.016433200,1682,True,0
5000,employees_5000.csv,salary_gt_12000,distributed,4,3,0.000000000,0.013810800,0.013810800,0.012871400,0.014719500,1682,True,0
5000,employees_5000.csv,salary_gt_12000,distributed,8,3,0.000000000,0.016127433,0.016127433,0.009638400,0.027905500,1682,True,0
5000,employees_5000.csv,salary_gt_12000,distributed,12,3,0.000000000,0.012869133,0.012869133,0.010235100,0.017098700,1682,True,0
5000,employees_5000.csv,age_ge_40,linear,-,3,0.000000000,0.000331800,0.000331800,0.000304500,0.000360800,2900,True,0
5000,employees_5000.csv,age_ge_40,indexed,-,3,0.000000000,0.000805600,0.000805600,0.000647900,0.001021500,2900,True,0
5000,employees_5000.csv,age_ge_40,parallel,1,3,0.000000000,0.705380800,0.705380800,0.660981900,0.783021900,2900,True,0
5000,employees_5000.csv,age_ge_40,parallel,2,3,0.000000000,0.671861733,0.671861733,0.649835800,0.695698100,2900,True,0
5000,employees_5000.csv,age_ge_40,parallel,4,3,0.000000000,0.671457333,0.671457333,0.648631700,0.683591300,2900,True,0
5000,employees_5000.csv,age_ge_40,parallel,8,3,0.000000000,0.867837833,0.867837833,0.853525700,0.890276600,2900,True,0
5000,employees_5000.csv,age_ge_40,parallel,12,3,0.000000000,1.078928433,1.078928433,1.059726000,1.092326300,2900,True,0
5000,employees_5000.csv,age_ge_40,distributed,1,3,0.000000000,0.021351533,0.021351533,0.019413100,0.024671700,2900,True,0
5000,employees_5000.csv,age_ge_40,distributed,2,3,0.000000000,0.017691233,0.017691233,0.015808900,0.020566500,2900,True,0
5000,employees_5000.csv,age_ge_40,distributed,4,3,0.000000000,0.020244300,0.020244300,0.015292700,0.028333900,2900,True,0
5000,employees_5000.csv,age_ge_40,distributed,8,3,0.000000000,0.011353967,0.011353967,0.010584700,0.012812000,2900,True,0
5000,employees_5000.csv,age_ge_40,distributed,12,3,0.000000000,0.011851400,0.011851400,0.010808700,0.013213900,2900,True,0
5000,employees_5000.csv,is_manager_eq_true,linear,-,3,0.000000000,0.000278333,0.000278333,0.000276500,0.000280100,558,True,0
5000,employees_5000.csv,is_manager_eq_true,indexed,-,3,0.000371900,0.000001200,0.000373100,0.000369500,0.000376900,558,True,0
5000,employees_5000.csv,is_manager_eq_true,parallel,1,3,0.000000000,0.626154467,0.626154467,0.607125600,0.650581700,558,True,0
5000,employees_5000.csv,is_manager_eq_true,parallel,2,3,0.000000000,0.618101400,0.618101400,0.611214300,0.622900200,558,True,0
5000,employees_5000.csv,is_manager_eq_true,parallel,4,3,0.000000000,0.646771900,0.646771900,0.639831000,0.653684600,558,True,0
5000,employees_5000.csv,is_manager_eq_true,parallel,8,3,0.000000000,0.843122633,0.843122633,0.834617200,0.859052200,558,True,0
5000,employees_5000.csv,is_manager_eq_true,parallel,12,3,0.000000000,1.076351367,1.076351367,1.072080500,1.084713600,558,True,0
5000,employees_5000.csv,is_manager_eq_true,distributed,1,3,0.000000000,0.018825600,0.018825600,0.014703700,0.026893200,558,True,0
5000,employees_5000.csv,is_manager_eq_true,distributed,2,3,0.000000000,0.011950400,0.011950400,0.011629900,0.012171500,558,True,0
5000,employees_5000.csv,is_manager_eq_true,distributed,4,3,0.000000000,0.011993333,0.011993333,0.011284800,0.012428000,558,True,0
5000,employees_5000.csv,is_manager_eq_true,distributed,8,3,0.000000000,0.009290900,0.009290900,0.008521700,0.010011900,558,True,0
5000,employees_5000.csv,is_manager_eq_true,distributed,12,3,0.000000000,0.008721700,0.008721700,0.008375900,0.009370000,558,True,0
5000,employees_5000.csv,last_name_contains_ski,linear,-,3,0.000000000,0.000691633,0.000691633,0.000663400,0.000716300,4,True,0
5000,employees_5000.csv,last_name_contains_ski,indexed,-,3,0.000000000,0.001237967,0.001237967,0.001069000,0.001488600,4,True,0
5000,employees_5000.csv,last_name_contains_ski,parallel,1,3,0.000000000,0.603179333,0.603179333,0.600328200,0.606479600,4,True,0
5000,employees_5000.csv,last_name_contains_ski,parallel,2,3,0.000000000,0.617422367,0.617422367,0.602422800,0.639391100,4,True,0
5000,employees_5000.csv,last_name_contains_ski,parallel,4,3,0.000000000,0.658309133,0.658309133,0.645110800,0.666160500,4,True,0
5000,employees_5000.csv,last_name_contains_ski,parallel,8,3,0.000000000,0.859056700,0.859056700,0.841778100,0.877880700,4,True,0
5000,employees_5000.csv,last_name_contains_ski,parallel,12,3,0.000000000,1.071156533,1.071156533,1.057225500,1.082789600,4,True,0
5000,employees_5000.csv,last_name_contains_ski,distributed,1,3,0.000000000,0.013352933,0.013352933,0.013168300,0.013445400,4,True,0
5000,employees_5000.csv,last_name_contains_ski,distributed,2,3,0.000000000,0.010902167,0.010902167,0.010413900,0.011153700,4,True,0
5000,employees_5000.csv,last_name_contains_ski,distributed,4,3,0.000000000,0.011025133,0.011025133,0.010366100,0.011544900,4,True,0
5000,employees_5000.csv,last_name_contains_ski,distributed,8,3,0.000000000,0.007937733,0.007937733,0.007262700,0.008631400,4,True,0
5000,employees_5000.csv,last_name_contains_ski,distributed,12,3,0.000000000,0.007849867,0.007849867,0.007054000,0.009059400,4,True,0
10000,employees_10000.csv,id_eq_100,linear,-,3,0.000000000,0.000644600,0.000644600,0.000508400,0.000902300,1,True,0
10000,employees_10000.csv,id_eq_100,indexed,-,3,0.001323000,0.000001600,0.001324600,0.001017400,0.001817500,1,True,0
10000,employees_10000.csv,id_eq_100,parallel,1,3,0.000000000,0.611570133,0.611570133,0.593513800,0.641963900,1,True,0
10000,employees_10000.csv,id_eq_100,parallel,2,3,0.000000000,0.622459333,0.622459333,0.618050000,0.624979100,1,True,0
10000,employees_10000.csv,id_eq_100,parallel,4,3,0.000000000,0.660046767,0.660046767,0.656136000,0.664436200,1,True,0
10000,employees_10000.csv,id_eq_100,parallel,8,3,0.000000000,0.853421767,0.853421767,0.846090500,0.864566600,1,True,0
10000,employees_10000.csv,id_eq_100,parallel,12,3,0.000000000,1.071537000,1.071537000,1.068632600,1.076338700,1,True,0
10000,employees_10000.csv,id_eq_100,distributed,1,3,0.000000000,0.024271400,0.024271400,0.023973300,0.024662500,1,True,0
10000,employees_10000.csv,id_eq_100,distributed,2,3,0.000000000,0.018006100,0.018006100,0.017614000,0.018427400,1,True,0
10000,employees_10000.csv,id_eq_100,distributed,4,3,0.000000000,0.017068533,0.017068533,0.015534200,0.019664300,1,True,0
10000,employees_10000.csv,id_eq_100,distributed,8,3,0.000000000,0.020910600,0.020910600,0.018587400,0.025058700,1,True,0
10000,employees_10000.csv,id_eq_100,distributed,12,3,0.000000000,0.021231300,0.021231300,0.021147500,0.021333600,1,True,0
10000,employees_10000.csv,city_eq_warszawa,linear,-,3,0.000000000,0.000654767,0.000654767,0.000627000,0.000673200,2245,True,0
10000,employees_10000.csv,city_eq_warszawa,indexed,-,3,0.000920200,0.000001433,0.000921633,0.000882700,0.000962500,2245,True,0
10000,employees_10000.csv,city_eq_warszawa,parallel,1,3,0.000000000,0.629663933,0.629663933,0.618503300,0.640589000,2245,True,0
10000,employees_10000.csv,city_eq_warszawa,parallel,2,3,0.000000000,0.654460867,0.654460867,0.644595300,0.670781700,2245,True,0
10000,employees_10000.csv,city_eq_warszawa,parallel,4,3,0.000000000,0.663725067,0.663725067,0.650145200,0.674457600,2245,True,0
10000,employees_10000.csv,city_eq_warszawa,parallel,8,3,0.000000000,0.872594300,0.872594300,0.853321900,0.884647600,2245,True,0
10000,employees_10000.csv,city_eq_warszawa,parallel,12,3,0.000000000,1.084491567,1.084491567,1.068614500,1.099278800,2245,True,0
10000,employees_10000.csv,city_eq_warszawa,distributed,1,3,0.000000000,0.030341200,0.030341200,0.029116900,0.032229700,2245,True,0
10000,employees_10000.csv,city_eq_warszawa,distributed,2,3,0.000000000,0.022737733,0.022737733,0.021609600,0.023617500,2245,True,0
10000,employees_10000.csv,city_eq_warszawa,distributed,4,3,0.000000000,0.019511900,0.019511900,0.018177900,0.021260900,2245,True,0
10000,employees_10000.csv,city_eq_warszawa,distributed,8,3,0.000000000,0.022307633,0.022307633,0.021972400,0.022608200,2245,True,0
10000,employees_10000.csv,city_eq_warszawa,distributed,12,3,0.000000000,0.023733633,0.023733633,0.023171400,0.024412700,2245,True,0
10000,employees_10000.csv,department_eq_it,linear,-,3,0.000000000,0.000773100,0.000773100,0.000666400,0.000915000,2467,True,0
10000,employees_10000.csv,department_eq_it,indexed,-,3,0.000966900,0.000001633,0.000968533,0.000905000,0.001023600,2467,True,0
10000,employees_10000.csv,department_eq_it,parallel,1,3,0.000000000,0.632128867,0.632128867,0.625307100,0.635995800,2467,True,0
10000,employees_10000.csv,department_eq_it,parallel,2,3,0.000000000,0.653488300,0.653488300,0.633312900,0.685067100,2467,True,0
10000,employees_10000.csv,department_eq_it,parallel,4,3,0.000000000,0.671325933,0.671325933,0.651297500,0.707511400,2467,True,0
10000,employees_10000.csv,department_eq_it,parallel,8,3,0.000000000,0.881335367,0.881335367,0.849582800,0.901383300,2467,True,0
10000,employees_10000.csv,department_eq_it,parallel,12,3,0.000000000,1.137552233,1.137552233,1.076060300,1.187496800,2467,True,0
10000,employees_10000.csv,department_eq_it,distributed,1,3,0.000000000,0.033456333,0.033456333,0.030901600,0.035640100,2467,True,0
10000,employees_10000.csv,department_eq_it,distributed,2,3,0.000000000,0.023917667,0.023917667,0.021892000,0.026080400,2467,True,0
10000,employees_10000.csv,department_eq_it,distributed,4,3,0.000000000,0.022606133,0.022606133,0.017967900,0.028800200,2467,True,0
10000,employees_10000.csv,department_eq_it,distributed,8,3,0.000000000,0.024947967,0.024947967,0.021302100,0.028593300,2467,True,0
10000,employees_10000.csv,department_eq_it,distributed,12,3,0.000000000,0.027640800,0.027640800,0.024930700,0.029243100,2467,True,0
10000,employees_10000.csv,salary_gt_12000,linear,-,3,0.000000000,0.000997767,0.000997767,0.000815300,0.001340800,3313,True,0
10000,employees_10000.csv,salary_gt_12000,indexed,-,3,0.000000000,0.002106767,0.002106767,0.001845900,0.002362100,3313,True,0
10000,employees_10000.csv,salary_gt_12000,parallel,1,3,0.000000000,0.653759400,0.653759400,0.620794000,0.715595500,3313,True,0
10000,employees_10000.csv,salary_gt_12000,parallel,2,3,0.000000000,0.652233967,0.652233967,0.646747900,0.655789700,3313,True,0
10000,employees_10000.csv,salary_gt_12000,parallel,4,3,0.000000000,0.671729467,0.671729467,0.659230600,0.688482100,3313,True,0
10000,employees_10000.csv,salary_gt_12000,parallel,8,3,0.000000000,0.882562833,0.882562833,0.865819000,0.895158200,3313,True,0
10000,employees_10000.csv,salary_gt_12000,parallel,12,3,0.000000000,1.086616800,1.086616800,1.085036100,1.088757700,3313,True,0
10000,employees_10000.csv,salary_gt_12000,distributed,1,3,0.000000000,0.033236067,0.033236067,0.032589200,0.034284200,3313,True,0
10000,employees_10000.csv,salary_gt_12000,distributed,2,3,0.000000000,0.132335400,0.132335400,0.022921200,0.348696400,3313,True,0
10000,employees_10000.csv,salary_gt_12000,distributed,4,3,0.000000000,0.027722200,0.027722200,0.020635200,0.041538700,3313,True,0
10000,employees_10000.csv,salary_gt_12000,distributed,8,3,0.000000000,0.026201233,0.026201233,0.021057800,0.035636100,3313,True,0
10000,employees_10000.csv,salary_gt_12000,distributed,12,3,0.000000000,0.027691167,0.027691167,0.025702800,0.031618700,3313,True,0
10000,employees_10000.csv,age_ge_40,linear,-,3,0.000000000,0.000728000,0.000728000,0.000634700,0.000822000,5780,True,0
10000,employees_10000.csv,age_ge_40,indexed,-,3,0.000000000,0.001257933,0.001257933,0.001239600,0.001271000,5780,True,0
10000,employees_10000.csv,age_ge_40,parallel,1,3,0.000000000,0.674314467,0.674314467,0.637697000,0.736051800,5780,True,0
10000,employees_10000.csv,age_ge_40,parallel,2,3,0.000000000,0.673961533,0.673961533,0.650794500,0.688973700,5780,True,0
10000,employees_10000.csv,age_ge_40,parallel,4,3,0.000000000,0.703338700,0.703338700,0.684797400,0.730895800,5780,True,0
10000,employees_10000.csv,age_ge_40,parallel,8,3,0.000000000,0.905678133,0.905678133,0.886400100,0.928286400,5780,True,0
10000,employees_10000.csv,age_ge_40,parallel,12,3,0.000000000,1.151970733,1.151970733,1.102380100,1.209858400,5780,True,0
10000,employees_10000.csv,age_ge_40,distributed,1,3,0.000000000,0.037032567,0.037032567,0.036116200,0.037916100,5780,True,0
10000,employees_10000.csv,age_ge_40,distributed,2,3,0.000000000,0.028670667,0.028670667,0.027732700,0.029380800,5780,True,0
10000,employees_10000.csv,age_ge_40,distributed,4,3,0.000000000,0.026218533,0.026218533,0.025239900,0.026984100,5780,True,0
10000,employees_10000.csv,age_ge_40,distributed,8,3,0.000000000,0.031215933,0.031215933,0.029914100,0.032836800,5780,True,0
10000,employees_10000.csv,age_ge_40,distributed,12,3,0.000000000,0.031610567,0.031610567,0.029035800,0.036720600,5780,True,0
10000,employees_10000.csv,is_manager_eq_true,linear,-,3,0.000000000,0.000890867,0.000890867,0.000500600,0.001395000,1177,True,0
10000,employees_10000.csv,is_manager_eq_true,indexed,-,3,0.001035400,0.000002000,0.001037400,0.000693200,0.001436200,1177,True,0
10000,employees_10000.csv,is_manager_eq_true,parallel,1,3,0.000000000,0.707139400,0.707139400,0.692561300,0.715762300,1177,True,0
10000,employees_10000.csv,is_manager_eq_true,parallel,2,3,0.000000000,0.643338233,0.643338233,0.634375200,0.654793500,1177,True,0
10000,employees_10000.csv,is_manager_eq_true,parallel,4,3,0.000000000,0.705869567,0.705869567,0.644679900,0.783899400,1177,True,0
10000,employees_10000.csv,is_manager_eq_true,parallel,8,3,0.000000000,0.890250400,0.890250400,0.867641300,0.934400100,1177,True,0
10000,employees_10000.csv,is_manager_eq_true,parallel,12,3,0.000000000,1.089788633,1.089788633,1.076497900,1.116097200,1177,True,0
10000,employees_10000.csv,is_manager_eq_true,distributed,1,3,0.000000000,0.028089133,0.028089133,0.027685300,0.028371600,1177,True,0
10000,employees_10000.csv,is_manager_eq_true,distributed,2,3,0.000000000,0.020792900,0.020792900,0.019879100,0.021372800,1177,True,0
10000,employees_10000.csv,is_manager_eq_true,distributed,4,3,0.000000000,0.019589367,0.019589367,0.017174700,0.022121000,1177,True,0
10000,employees_10000.csv,is_manager_eq_true,distributed,8,3,0.000000000,0.021050467,0.021050467,0.018962600,0.024721400,1177,True,0
10000,employees_10000.csv,is_manager_eq_true,distributed,12,3,0.000000000,0.127624300,0.127624300,0.022371400,0.336270400,1177,True,0
10000,employees_10000.csv,last_name_contains_ski,linear,-,3,0.000000000,0.000895333,0.000895333,0.000854700,0.000934300,5,True,0
10000,employees_10000.csv,last_name_contains_ski,indexed,-,3,0.000000000,0.002413400,0.002413400,0.002239200,0.002561100,5,True,0
10000,employees_10000.csv,last_name_contains_ski,parallel,1,3,0.000000000,0.627793200,0.627793200,0.597552900,0.664623600,5,True,0
10000,employees_10000.csv,last_name_contains_ski,parallel,2,3,0.000000000,0.640353167,0.640353167,0.623687800,0.650587000,5,True,0
10000,employees_10000.csv,last_name_contains_ski,parallel,4,3,0.000000000,0.658642300,0.658642300,0.650732800,0.669621300,5,True,0
10000,employees_10000.csv,last_name_contains_ski,parallel,8,3,0.000000000,0.859084967,0.859084967,0.852487300,0.865426100,5,True,0
10000,employees_10000.csv,last_name_contains_ski,parallel,12,3,0.000000000,1.092903400,1.092903400,1.071171700,1.115432700,5,True,0
10000,employees_10000.csv,last_name_contains_ski,distributed,1,3,0.000000000,0.025124067,0.025124067,0.024403800,0.025957800,5,True,0
10000,employees_10000.csv,last_name_contains_ski,distributed,2,3,0.000000000,0.018877600,0.018877600,0.018302600,0.019929900,5,True,0
10000,employees_10000.csv,last_name_contains_ski,distributed,4,3,0.000000000,0.016390200,0.016390200,0.015845000,0.017400000,5,True,0
10000,employees_10000.csv,last_name_contains_ski,distributed,8,3,0.000000000,0.017954600,0.017954600,0.017833600,0.018105800,5,True,0
10000,employees_10000.csv,last_name_contains_ski,distributed,12,3,0.000000000,0.021095867,0.021095867,0.020591100,0.021704500,5,True,0
50000,employees_50000.csv,id_eq_100,linear,-,3,0.000000000,0.002422367,0.002422367,0.002202000,0.002605600,1,True,0
50000,employees_50000.csv,id_eq_100,indexed,-,3,0.019192900,0.000004467,0.019197367,0.007519300,0.025494400,1,True,0
50000,employees_50000.csv,id_eq_100,parallel,1,3,0.000000000,0.685791767,0.685791767,0.649329600,0.735456100,1,True,0
50000,employees_50000.csv,id_eq_100,parallel,2,3,0.000000000,0.678651133,0.678651133,0.670212300,0.688187400,1,True,0
50000,employees_50000.csv,id_eq_100,parallel,4,3,0.000000000,0.687235367,0.687235367,0.681315800,0.693789200,1,True,0
50000,employees_50000.csv,id_eq_100,parallel,8,3,0.000000000,0.878898833,0.878898833,0.877120100,0.882432700,1,True,0
50000,employees_50000.csv,id_eq_100,parallel,12,3,0.000000000,1.118771700,1.118771700,1.099466400,1.154738600,1,True,0
50000,employees_50000.csv,id_eq_100,distributed,1,3,0.000000000,0.105496600,0.105496600,0.104565500,0.106412700,1,True,0
50000,employees_50000.csv,id_eq_100,distributed,2,3,0.000000000,0.072258900,0.072258900,0.071432300,0.072859100,1,True,0
50000,employees_50000.csv,id_eq_100,distributed,4,3,0.000000000,0.061050367,0.061050367,0.057519600,0.065104800,1,True,0
50000,employees_50000.csv,id_eq_100,distributed,8,3,0.000000000,0.054306600,0.054306600,0.052228800,0.057864500,1,True,0
50000,employees_50000.csv,id_eq_100,distributed,12,3,0.000000000,0.056582667,0.056582667,0.054853900,0.059168400,1,True,0
50000,employees_50000.csv,city_eq_warszawa,linear,-,3,0.000000000,0.003320633,0.003320633,0.003236400,0.003484100,11094,True,0
50000,employees_50000.csv,city_eq_warszawa,indexed,-,3,0.005148167,0.000002500,0.005150667,0.004677600,0.005728000,11094,True,0
50000,employees_50000.csv,city_eq_warszawa,parallel,1,3,0.000000000,0.698714933,0.698714933,0.666283000,0.760720000,11094,True,0
50000,employees_50000.csv,city_eq_warszawa,parallel,2,3,0.000000000,0.685753633,0.685753633,0.675241200,0.704121400,11094,True,0
50000,employees_50000.csv,city_eq_warszawa,parallel,4,3,0.000000000,0.691918100,0.691918100,0.672629800,0.724767500,11094,True,0
50000,employees_50000.csv,city_eq_warszawa,parallel,8,3,0.000000000,0.925141000,0.925141000,0.919888800,0.929324800,11094,True,0
50000,employees_50000.csv,city_eq_warszawa,parallel,12,3,0.000000000,1.131033200,1.131033200,1.121189000,1.143949200,11094,True,0
50000,employees_50000.csv,city_eq_warszawa,distributed,1,3,0.000000000,0.128611300,0.128611300,0.127879700,0.129131700,11094,True,0
50000,employees_50000.csv,city_eq_warszawa,distributed,2,3,0.000000000,0.088561167,0.088561167,0.087107300,0.089863500,11094,True,0
50000,employees_50000.csv,city_eq_warszawa,distributed,4,3,0.000000000,0.071871200,0.071871200,0.070825600,0.072526200,11094,True,0
50000,employees_50000.csv,city_eq_warszawa,distributed,8,3,0.000000000,0.067121833,0.067121833,0.065867000,0.068165100,11094,True,0
50000,employees_50000.csv,city_eq_warszawa,distributed,12,3,0.000000000,0.065551433,0.065551433,0.064582000,0.067134200,11094,True,0
50000,employees_50000.csv,department_eq_it,linear,-,3,0.000000000,0.003452200,0.003452200,0.003221600,0.003861100,12546,True,0
50000,employees_50000.csv,department_eq_it,indexed,-,3,0.004551700,0.000001767,0.004553467,0.004374900,0.004739500,12546,True,0
50000,employees_50000.csv,department_eq_it,parallel,1,3,0.000000000,0.676484733,0.676484733,0.664365800,0.692968600,12546,True,0
50000,employees_50000.csv,department_eq_it,parallel,2,3,0.000000000,0.673369967,0.673369967,0.667326900,0.680622800,12546,True,0
50000,employees_50000.csv,department_eq_it,parallel,4,3,0.000000000,0.685623133,0.685623133,0.670752600,0.701759800,12546,True,0
50000,employees_50000.csv,department_eq_it,parallel,8,3,0.000000000,0.896687367,0.896687367,0.894102700,0.900489800,12546,True,0
50000,employees_50000.csv,department_eq_it,parallel,12,3,0.000000000,1.135045933,1.135045933,1.099627300,1.155823300,12546,True,0
50000,employees_50000.csv,department_eq_it,distributed,1,3,0.000000000,0.132351633,0.132351633,0.128903200,0.134999900,12546,True,0
50000,employees_50000.csv,department_eq_it,distributed,2,3,0.000000000,0.093073133,0.093073133,0.088731300,0.099954300,12546,True,0
50000,employees_50000.csv,department_eq_it,distributed,4,3,0.000000000,0.076614233,0.076614233,0.075733300,0.077085000,12546,True,0
50000,employees_50000.csv,department_eq_it,distributed,8,3,0.000000000,0.071325567,0.071325567,0.068034800,0.073256000,12546,True,0
50000,employees_50000.csv,department_eq_it,distributed,12,3,0.000000000,0.069865333,0.069865333,0.067184300,0.073152300,12546,True,0
50000,employees_50000.csv,salary_gt_12000,linear,-,3,0.000000000,0.002995333,0.002995333,0.002848200,0.003151100,16515,True,0
50000,employees_50000.csv,salary_gt_12000,indexed,-,3,0.000000000,0.010778933,0.010778933,0.010111200,0.011877100,16515,True,0
50000,employees_50000.csv,salary_gt_12000,parallel,1,3,0.000000000,0.701259033,0.701259033,0.694366500,0.705859900,16515,True,0
50000,employees_50000.csv,salary_gt_12000,parallel,2,3,0.000000000,0.678192133,0.678192133,0.662226400,0.689696800,16515,True,0
50000,employees_50000.csv,salary_gt_12000,parallel,4,3,0.000000000,0.686792300,0.686792300,0.681100700,0.696520400,16515,True,0
50000,employees_50000.csv,salary_gt_12000,parallel,8,3,0.000000000,0.898276367,0.898276367,0.888751100,0.912465900,16515,True,0
50000,employees_50000.csv,salary_gt_12000,parallel,12,3,0.000000000,1.123694633,1.123694633,1.116923900,1.130259600,16515,True,0
50000,employees_50000.csv,salary_gt_12000,distributed,1,3,0.000000000,0.139925400,0.139925400,0.138509300,0.141395600,16515,True,0
50000,employees_50000.csv,salary_gt_12000,distributed,2,3,0.000000000,0.096849500,0.096849500,0.095713500,0.098633300,16515,True,0
50000,employees_50000.csv,salary_gt_12000,distributed,4,3,0.000000000,0.079428400,0.079428400,0.078373000,0.080056400,16515,True,0
50000,employees_50000.csv,salary_gt_12000,distributed,8,3,0.000000000,0.175733133,0.175733133,0.072244800,0.382655800,16515,True,0
50000,employees_50000.csv,salary_gt_12000,distributed,12,3,0.000000000,0.075358067,0.075358067,0.074224100,0.076685200,16515,True,0
50000,employees_50000.csv,age_ge_40,linear,-,3,0.000000000,0.003269300,0.003269300,0.003014100,0.003640300,29425,True,0
50000,employees_50000.csv,age_ge_40,indexed,-,3,0.000000000,0.007271867,0.007271867,0.006867800,0.007493900,29425,True,0
50000,employees_50000.csv,age_ge_40,parallel,1,3,0.000000000,0.733971833,0.733971833,0.715310700,0.757704700,29425,True,0
50000,employees_50000.csv,age_ge_40,parallel,2,3,0.000000000,0.706617000,0.706617000,0.684168600,0.718691800,29425,True,0
50000,employees_50000.csv,age_ge_40,parallel,4,3,0.000000000,0.694821167,0.694821167,0.685154200,0.708341200,29425,True,0
50000,employees_50000.csv,age_ge_40,parallel,8,3,0.000000000,0.913197967,0.913197967,0.909940400,0.918803100,29425,True,0
50000,employees_50000.csv,age_ge_40,parallel,12,3,0.000000000,1.131782300,1.131782300,1.116177200,1.141953000,29425,True,0
50000,employees_50000.csv,age_ge_40,distributed,1,3,0.000000000,0.158937900,0.158937900,0.155910900,0.161486100,29425,True,0
50000,employees_50000.csv,age_ge_40,distributed,2,3,0.000000000,0.111775867,0.111775867,0.110717600,0.112885900,29425,True,0
50000,employees_50000.csv,age_ge_40,distributed,4,3,0.000000000,0.094516400,0.094516400,0.091288600,0.100048900,29425,True,0
50000,employees_50000.csv,age_ge_40,distributed,8,3,0.000000000,0.084187467,0.084187467,0.083815500,0.084673400,29425,True,0
50000,employees_50000.csv,age_ge_40,distributed,12,3,0.000000000,0.087639300,0.087639300,0.085320700,0.090237500,29425,True,0
50000,employees_50000.csv,is_manager_eq_true,linear,-,3,0.000000000,0.002920833,0.002920833,0.002373800,0.003585300,5924,True,0
50000,employees_50000.csv,is_manager_eq_true,indexed,-,3,0.003572133,0.000002167,0.003574300,0.003479800,0.003630100,5924,True,0
50000,employees_50000.csv,is_manager_eq_true,parallel,1,3,0.000000000,0.687956000,0.687956000,0.664510500,0.728137700,5924,True,0
50000,employees_50000.csv,is_manager_eq_true,parallel,2,3,0.000000000,0.674954133,0.674954133,0.667150000,0.684372900,5924,True,0
50000,employees_50000.csv,is_manager_eq_true,parallel,4,3,0.000000000,0.685578667,0.685578667,0.679966000,0.694035600,5924,True,0
50000,employees_50000.csv,is_manager_eq_true,parallel,8,3,0.000000000,0.929801033,0.929801033,0.918424900,0.940803100,5924,True,0
50000,employees_50000.csv,is_manager_eq_true,parallel,12,3,0.000000000,1.150084800,1.150084800,1.125899100,1.182919300,5924,True,0
50000,employees_50000.csv,is_manager_eq_true,distributed,1,3,0.000000000,0.121500133,0.121500133,0.120108200,0.124039200,5924,True,0
50000,employees_50000.csv,is_manager_eq_true,distributed,2,3,0.000000000,0.084016167,0.084016167,0.080723100,0.087626800,5924,True,0
50000,employees_50000.csv,is_manager_eq_true,distributed,4,3,0.000000000,0.067597067,0.067597067,0.065330700,0.068798900,5924,True,0
50000,employees_50000.csv,is_manager_eq_true,distributed,8,3,0.000000000,0.150776333,0.150776333,0.061007500,0.329893800,5924,True,0
50000,employees_50000.csv,is_manager_eq_true,distributed,12,3,0.000000000,0.061442067,0.061442067,0.058457200,0.063399700,5924,True,0
50000,employees_50000.csv,last_name_contains_ski,linear,-,3,0.000000000,0.004161067,0.004161067,0.004098600,0.004221000,25,True,0
50000,employees_50000.csv,last_name_contains_ski,indexed,-,3,0.000000000,0.012417133,0.012417133,0.012122100,0.012873100,25,True,0
50000,employees_50000.csv,last_name_contains_ski,parallel,1,3,0.000000000,0.633384233,0.633384233,0.622936700,0.639814600,25,True,0
50000,employees_50000.csv,last_name_contains_ski,parallel,2,3,0.000000000,0.670868833,0.670868833,0.663451800,0.675813900,25,True,0
50000,employees_50000.csv,last_name_contains_ski,parallel,4,3,0.000000000,0.678450733,0.678450733,0.673062300,0.687000500,25,True,0
50000,employees_50000.csv,last_name_contains_ski,parallel,8,3,0.000000000,0.893243433,0.893243433,0.887326500,0.898631000,25,True,0
50000,employees_50000.csv,last_name_contains_ski,parallel,12,3,0.000000000,1.130228433,1.130228433,1.116519500,1.144078600,25,True,0
50000,employees_50000.csv,last_name_contains_ski,distributed,1,3,0.000000000,0.113918600,0.113918600,0.107373300,0.122412400,25,True,0
50000,employees_50000.csv,last_name_contains_ski,distributed,2,3,0.000000000,0.073240300,0.073240300,0.072305700,0.073709800,25,True,0
50000,employees_50000.csv,last_name_contains_ski,distributed,4,3,0.000000000,0.057621733,0.057621733,0.056755000,0.058225800,25,True,0
50000,employees_50000.csv,last_name_contains_ski,distributed,8,3,0.000000000,0.052006167,0.052006167,0.051594100,0.052393600,25,True,0
50000,employees_50000.csv,last_name_contains_ski,distributed,12,3,0.000000000,0.053830133,0.053830133,0.053330600,0.054142300,25,True,0
100000,employees_100000.csv,id_eq_100,linear,-,3,0.000000000,0.004931167,0.004931167,0.004737400,0.005251500,1,True,0
100000,employees_100000.csv,id_eq_100,indexed,-,3,0.037585933,0.000003067,0.037589000,0.031189500,0.046477400,1,True,0
100000,employees_100000.csv,id_eq_100,parallel,1,3,0.000000000,0.724505767,0.724505767,0.709586500,0.744321700,1,True,0
100000,employees_100000.csv,id_eq_100,parallel,2,3,0.000000000,0.728964500,0.728964500,0.717291800,0.736974300,1,True,0
100000,employees_100000.csv,id_eq_100,parallel,4,3,0.000000000,0.741753567,0.741753567,0.737478500,0.750254200,1,True,0
100000,employees_100000.csv,id_eq_100,parallel,8,3,0.000000000,0.942633500,0.942633500,0.934888200,0.948988000,1,True,0
100000,employees_100000.csv,id_eq_100,parallel,12,3,0.000000000,1.166633400,1.166633400,1.153591100,1.188915100,1,True,0
100000,employees_100000.csv,id_eq_100,distributed,1,3,0.000000000,0.204263233,0.204263233,0.202652700,0.206041400,1,True,0
100000,employees_100000.csv,id_eq_100,distributed,2,3,0.000000000,0.140582700,0.140582700,0.137603000,0.143804700,1,True,0
100000,employees_100000.csv,id_eq_100,distributed,4,3,0.000000000,0.109119600,0.109119600,0.108749100,0.109612600,1,True,0
100000,employees_100000.csv,id_eq_100,distributed,8,3,0.000000000,0.099062067,0.099062067,0.097636500,0.101518300,1,True,0
100000,employees_100000.csv,id_eq_100,distributed,12,3,0.000000000,0.101710733,0.101710733,0.099710800,0.103680800,1,True,0
100000,employees_100000.csv,city_eq_warszawa,linear,-,3,0.000000000,0.006666700,0.006666700,0.006391300,0.006899800,22267,True,0
100000,employees_100000.csv,city_eq_warszawa,indexed,-,3,0.009443833,0.000002300,0.009446133,0.008842900,0.009832100,22267,True,0
100000,employees_100000.csv,city_eq_warszawa,parallel,1,3,0.000000000,0.759446767,0.759446767,0.749388100,0.766020800,22267,True,0
100000,employees_100000.csv,city_eq_warszawa,parallel,2,3,0.000000000,0.753337800,0.753337800,0.731241800,0.775692100,22267,True,0
100000,employees_100000.csv,city_eq_warszawa,parallel,4,3,0.000000000,0.753266200,0.753266200,0.748771800,0.761105200,22267,True,0
100000,employees_100000.csv,city_eq_warszawa,parallel,8,3,0.000000000,0.943123167,0.943123167,0.938469800,0.948684600,22267,True,0
100000,employees_100000.csv,city_eq_warszawa,parallel,12,3,0.000000000,1.171849867,1.171849867,1.168484900,1.174143100,22267,True,0
100000,employees_100000.csv,city_eq_warszawa,distributed,1,3,0.000000000,0.249479133,0.249479133,0.246745000,0.253001100,22267,True,0
100000,employees_100000.csv,city_eq_warszawa,distributed,2,3,0.000000000,0.172432433,0.172432433,0.171610100,0.173287000,22267,True,0
100000,employees_100000.csv,city_eq_warszawa,distributed,4,3,0.000000000,0.143907900,0.143907900,0.138648800,0.149898100,22267,True,0
100000,employees_100000.csv,city_eq_warszawa,distributed,8,3,0.000000000,0.128875233,0.128875233,0.125639500,0.134594400,22267,True,0
100000,employees_100000.csv,city_eq_warszawa,distributed,12,3,0.000000000,0.137746000,0.137746000,0.130892800,0.148323800,22267,True,0
100000,employees_100000.csv,department_eq_it,linear,-,3,0.000000000,0.006307533,0.006307533,0.006139500,0.006625000,25174,True,0
100000,employees_100000.csv,department_eq_it,indexed,-,3,0.010144467,0.000002100,0.010146567,0.009168100,0.011361200,25174,True,0
100000,employees_100000.csv,department_eq_it,parallel,1,3,0.000000000,0.731072567,0.731072567,0.716298500,0.759864900,25174,True,0
100000,employees_100000.csv,department_eq_it,parallel,2,3,0.000000000,0.734821100,0.734821100,0.709266400,0.759634300,25174,True,0
100000,employees_100000.csv,department_eq_it,parallel,4,3,0.000000000,0.747997300,0.747997300,0.740746900,0.752455900,25174,True,0
100000,employees_100000.csv,department_eq_it,parallel,8,3,0.000000000,1.001182567,1.001182567,0.947331700,1.107140300,25174,True,0
100000,employees_100000.csv,department_eq_it,parallel,12,3,0.000000000,1.206759633,1.206759633,1.157651800,1.302974500,25174,True,0
100000,employees_100000.csv,department_eq_it,distributed,1,3,0.000000000,0.349438067,0.349438067,0.257953700,0.529364800,25174,True,0
100000,employees_100000.csv,department_eq_it,distributed,2,3,0.000000000,0.239653400,0.239653400,0.178343400,0.355372300,25174,True,0
100000,employees_100000.csv,department_eq_it,distributed,4,3,0.000000000,0.192338300,0.192338300,0.142018900,0.286198700,25174,True,0
100000,employees_100000.csv,department_eq_it,distributed,8,3,0.000000000,0.170708067,0.170708067,0.127085700,0.253590800,25174,True,0
100000,employees_100000.csv,department_eq_it,distributed,12,3,0.000000000,0.171975133,0.171975133,0.130723600,0.253625000,25174,True,0
100000,employees_100000.csv,salary_gt_12000,linear,-,3,0.000000000,0.012333533,0.012333533,0.011461300,0.013293300,33047,True,0
100000,employees_100000.csv,salary_gt_12000,indexed,-,3,0.000000000,0.044329300,0.044329300,0.038459900,0.051256200,33047,True,0
100000,employees_100000.csv,salary_gt_12000,parallel,1,3,0.000000000,0.947090200,0.947090200,0.928191300,0.957120400,33047,True,0
100000,employees_100000.csv,salary_gt_12000,parallel,2,3,0.000000000,0.918446300,0.918446300,0.906809500,0.931802400,33047,True,0
100000,employees_100000.csv,salary_gt_12000,parallel,4,3,0.000000000,0.943102900,0.943102900,0.876639500,1.013499700,33047,True,0
100000,employees_100000.csv,salary_gt_12000,parallel,8,3,0.000000000,1.093786600,1.093786600,1.040637700,1.166310000,33047,True,0
100000,employees_100000.csv,salary_gt_12000,parallel,12,3,0.000000000,1.274595633,1.274595633,1.264016500,1.290124600,33047,True,0
100000,employees_100000.csv,salary_gt_12000,distributed,1,3,0.000000000,0.449757933,0.449757933,0.269426600,0.540858000,33047,True,0
100000,employees_100000.csv,salary_gt_12000,distributed,2,3,0.000000000,0.337002067,0.337002067,0.217478200,0.399128700,33047,True,0
100000,employees_100000.csv,salary_gt_12000,distributed,4,3,0.000000000,0.328306067,0.328306067,0.304224000,0.353607400,33047,True,0
100000,employees_100000.csv,salary_gt_12000,distributed,8,3,0.000000000,0.274938833,0.274938833,0.265112800,0.282291200,33047,True,0
100000,employees_100000.csv,salary_gt_12000,distributed,12,3,0.000000000,0.277286467,0.277286467,0.274461900,0.282879900,33047,True,0
100000,employees_100000.csv,age_ge_40,linear,-,3,0.000000000,0.009980733,0.009980733,0.006669800,0.012195000,58961,True,0
100000,employees_100000.csv,age_ge_40,indexed,-,3,0.000000000,0.024013333,0.024013333,0.014308500,0.030711900,58961,True,0
100000,employees_100000.csv,age_ge_40,parallel,1,3,0.000000000,0.957639000,0.957639000,0.864828100,1.020061600,58961,True,0
100000,employees_100000.csv,age_ge_40,parallel,2,3,0.000000000,0.987817800,0.987817800,0.959376000,1.018880800,58961,True,0
100000,employees_100000.csv,age_ge_40,parallel,4,3,0.000000000,1.050840367,1.050840367,0.997672500,1.131560200,58961,True,0
100000,employees_100000.csv,age_ge_40,parallel,8,3,0.000000000,1.115384300,1.115384300,1.077017600,1.143389700,58961,True,0
100000,employees_100000.csv,age_ge_40,parallel,12,3,0.000000000,1.292495067,1.292495067,1.245521200,1.345115900,58961,True,0
100000,employees_100000.csv,age_ge_40,distributed,1,3,0.000000000,0.632103867,0.632103867,0.609415000,0.667483300,58961,True,0
100000,employees_100000.csv,age_ge_40,distributed,2,3,0.000000000,0.425895900,0.425895900,0.346022400,0.473405200,58961,True,0
100000,employees_100000.csv,age_ge_40,distributed,4,3,0.000000000,0.297489267,0.297489267,0.192240600,0.357856500,58961,True,0
100000,employees_100000.csv,age_ge_40,distributed,8,3,0.000000000,0.306019800,0.306019800,0.184054900,0.367082000,58961,True,0
100000,employees_100000.csv,age_ge_40,distributed,12,3,0.000000000,0.274015067,0.274015067,0.174344500,0.324951500,58961,True,0
100000,employees_100000.csv,is_manager_eq_true,linear,-,3,0.000000000,0.009430733,0.009430733,0.008681000,0.010054800,11955,True,0
100000,employees_100000.csv,is_manager_eq_true,indexed,-,3,0.013593800,0.000003200,0.013597000,0.012381100,0.014768200,11955,True,0
100000,employees_100000.csv,is_manager_eq_true,parallel,1,3,0.000000000,0.870602433,0.870602433,0.837896400,0.916557400,11955,True,0
100000,employees_100000.csv,is_manager_eq_true,parallel,2,3,0.000000000,0.831052600,0.831052600,0.793359600,0.877066400,11955,True,0
100000,employees_100000.csv,is_manager_eq_true,parallel,4,3,0.000000000,0.912306967,0.912306967,0.890374200,0.943731300,11955,True,0
100000,employees_100000.csv,is_manager_eq_true,parallel,8,3,0.000000000,1.015059233,1.015059233,0.994495400,1.049524500,11955,True,0
100000,employees_100000.csv,is_manager_eq_true,parallel,12,3,0.000000000,1.227453933,1.227453933,1.223214000,1.231615200,11955,True,0
100000,employees_100000.csv,is_manager_eq_true,distributed,1,3,0.000000000,0.470743400,0.470743400,0.453389700,0.486964500,11955,True,0
100000,employees_100000.csv,is_manager_eq_true,distributed,2,3,0.000000000,0.306333767,0.306333767,0.301977900,0.314740700,11955,True,0
100000,employees_100000.csv,is_manager_eq_true,distributed,4,3,0.000000000,0.247917533,0.247917533,0.242073000,0.254120700,11955,True,0
100000,employees_100000.csv,is_manager_eq_true,distributed,8,3,0.000000000,0.253413267,0.253413267,0.224042100,0.274807500,11955,True,0
100000,employees_100000.csv,is_manager_eq_true,distributed,12,3,0.000000000,0.217816967,0.217816967,0.213367000,0.223710900,11955,True,0
100000,employees_100000.csv,last_name_contains_ski,linear,-,3,0.000000000,0.014168500,0.014168500,0.013241400,0.014921400,59,True,0
100000,employees_100000.csv,last_name_contains_ski,indexed,-,3,0.000000000,0.053674267,0.053674267,0.042284900,0.075357700,59,True,0
100000,employees_100000.csv,last_name_contains_ski,parallel,1,3,0.000000000,0.863785233,0.863785233,0.846502500,0.891070800,59,True,0
100000,employees_100000.csv,last_name_contains_ski,parallel,2,3,0.000000000,0.817882833,0.817882833,0.813252900,0.821972200,59,True,0
100000,employees_100000.csv,last_name_contains_ski,parallel,4,3,0.000000000,0.859980500,0.859980500,0.847722900,0.870637200,59,True,0
100000,employees_100000.csv,last_name_contains_ski,parallel,8,3,0.000000000,0.993947033,0.993947033,0.969401700,1.009548100,59,True,0
100000,employees_100000.csv,last_name_contains_ski,parallel,12,3,0.000000000,1.192458867,1.192458867,1.174842900,1.202697500,59,True,0
100000,employees_100000.csv,last_name_contains_ski,distributed,1,3,0.000000000,0.426103833,0.426103833,0.413736700,0.440322700,59,True,0
100000,employees_100000.csv,last_name_contains_ski,distributed,2,3,0.000000000,0.287809900,0.287809900,0.277274100,0.296978100,59,True,0
100000,employees_100000.csv,last_name_contains_ski,distributed,4,3,0.000000000,0.234912200,0.234912200,0.211626200,0.271505600,59,True,0
100000,employees_100000.csv,last_name_contains_ski,distributed,8,3,0.000000000,0.191019633,0.191019633,0.181021800,0.206292700,59,True,0
100000,employees_100000.csv,last_name_contains_ski,distributed,12,3,0.000000000,0.195628500,0.195628500,0.180267300,0.205484500,59,True,0
500000,employees_500000.csv,id_eq_100,linear,-,3,0.000000000,0.048704167,0.048704167,0.047807700,0.049834100,1,True,0
500000,employees_500000.csv,id_eq_100,indexed,-,3,0.375178267,0.000003867,0.375182133,0.368806600,0.386345900,1,True,0
500000,employees_500000.csv,id_eq_100,parallel,1,3,0.000000000,2.038183400,2.038183400,2.021343900,2.057077800,1,True,0
500000,employees_500000.csv,id_eq_100,parallel,2,3,0.000000000,1.723034233,1.723034233,1.676957400,1.803167200,1,True,0
500000,employees_500000.csv,id_eq_100,parallel,4,3,0.000000000,1.817009000,1.817009000,1.785482600,1.846822500,1,True,0
500000,employees_500000.csv,id_eq_100,parallel,8,3,0.000000000,1.867631400,1.867631400,1.842327100,1.881116900,1,True,0
500000,employees_500000.csv,id_eq_100,parallel,12,3,0.000000000,1.908456167,1.908456167,1.894524100,1.933796200,1,True,0
500000,employees_500000.csv,id_eq_100,distributed,1,3,0.000000000,2.126126433,2.126126433,2.089559600,2.166243700,1,True,0
500000,employees_500000.csv,id_eq_100,distributed,2,3,0.000000000,1.390859067,1.390859067,1.363766200,1.440993900,1,True,0
500000,employees_500000.csv,id_eq_100,distributed,4,3,0.000000000,1.053728700,1.053728700,1.028272400,1.077807800,1,True,0
500000,employees_500000.csv,id_eq_100,distributed,8,3,0.000000000,0.876144767,0.876144767,0.862032500,0.884066500,1,True,0
500000,employees_500000.csv,id_eq_100,distributed,12,3,0.000000000,0.825327900,0.825327900,0.813435000,0.839310600,1,True,0
500000,employees_500000.csv,city_eq_warszawa,linear,-,3,0.000000000,0.057333667,0.057333667,0.033630500,0.070383900,111169,True,0
500000,employees_500000.csv,city_eq_warszawa,indexed,-,3,0.087595067,0.000002500,0.087597567,0.050584200,0.125327600,111169,True,0
500000,employees_500000.csv,city_eq_warszawa,parallel,1,3,0.000000000,2.242720867,2.242720867,2.059731400,2.380039900,111169,True,0
500000,employees_500000.csv,city_eq_warszawa,parallel,2,3,0.000000000,1.885447533,1.885447533,1.796159200,1.974066300,111169,True,0
500000,employees_500000.csv,city_eq_warszawa,parallel,4,3,0.000000000,1.992962633,1.992962633,1.943668500,2.017734500,111169,True,0
500000,employees_500000.csv,city_eq_warszawa,parallel,8,3,0.000000000,2.089457833,2.089457833,2.022612600,2.204661000,111169,True,0
500000,employees_500000.csv,city_eq_warszawa,parallel,12,3,0.000000000,2.197980500,2.197980500,2.143968500,2.249545900,111169,True,0
500000,employees_500000.csv,city_eq_warszawa,distributed,1,3,0.000000000,2.157193100,2.157193100,1.393354300,2.548772900,111169,True,0
500000,employees_500000.csv,city_eq_warszawa,distributed,2,3,0.000000000,1.453089700,1.453089700,0.898518700,1.737259700,111169,True,0
500000,employees_500000.csv,city_eq_warszawa,distributed,4,3,0.000000000,1.136923000,1.136923000,0.682343500,1.410528000,111169,True,0
500000,employees_500000.csv,city_eq_warszawa,distributed,8,3,0.000000000,0.991356733,0.991356733,0.590266900,1.243517800,111169,True,0
500000,employees_500000.csv,city_eq_warszawa,distributed,12,3,0.000000000,0.949709533,0.949709533,0.584998500,1.134764100,111169,True,0
500000,employees_500000.csv,department_eq_it,linear,-,3,0.000000000,0.059679800,0.059679800,0.058479400,0.060808700,125073,True,0
500000,employees_500000.csv,department_eq_it,indexed,-,3,0.082833733,0.000002767,0.082836500,0.077000600,0.090644900,125073,True,0
500000,employees_500000.csv,department_eq_it,parallel,1,3,0.000000000,2.351018933,2.351018933,2.285266400,2.398808600,125073,True,0
500000,employees_500000.csv,department_eq_it,parallel,2,3,0.000000000,1.898915067,1.898915067,1.829081900,1.963354000,125073,True,0
500000,employees_500000.csv,department_eq_it,parallel,4,3,0.000000000,1.960559967,1.960559967,1.925794600,1.987793600,125073,True,0
500000,employees_500000.csv,department_eq_it,parallel,8,3,0.000000000,1.995285433,1.995285433,1.990314900,2.004079300,125073,True,0
500000,employees_500000.csv,department_eq_it,parallel,12,3,0.000000000,2.126263833,2.126263833,2.079745800,2.199834400,125073,True,0
500000,employees_500000.csv,department_eq_it,distributed,1,3,0.000000000,2.602541733,2.602541733,2.518454800,2.656809900,125073,True,0
500000,employees_500000.csv,department_eq_it,distributed,2,3,0.000000000,1.722240867,1.722240867,1.712199000,1.736749300,125073,True,0
500000,employees_500000.csv,department_eq_it,distributed,4,3,0.000000000,1.341211900,1.341211900,1.324054100,1.353377200,125073,True,0
500000,employees_500000.csv,department_eq_it,distributed,8,3,0.000000000,1.187461333,1.187461333,1.165305300,1.199472000,125073,True,0
500000,employees_500000.csv,department_eq_it,distributed,12,3,0.000000000,1.148987700,1.148987700,1.111960900,1.197488700,125073,True,0
500000,employees_500000.csv,salary_gt_12000,linear,-,3,0.000000000,0.052247600,0.052247600,0.048653200,0.058242600,165256,True,0
500000,employees_500000.csv,salary_gt_12000,indexed,-,3,0.000000000,0.206491067,0.206491067,0.190072400,0.238399400,165256,True,0
500000,employees_500000.csv,salary_gt_12000,parallel,1,3,0.000000000,2.464759267,2.464759267,2.329824000,2.540670900,165256,True,0
500000,employees_500000.csv,salary_gt_12000,parallel,2,3,0.000000000,1.943243033,1.943243033,1.904284700,2.013575000,165256,True,0
500000,employees_500000.csv,salary_gt_12000,parallel,4,3,0.000000000,2.055018433,2.055018433,2.022618100,2.110776100,165256,True,0
500000,employees_500000.csv,salary_gt_12000,parallel,8,3,0.000000000,2.097220033,2.097220033,2.064543800,2.159567300,165256,True,0
500000,employees_500000.csv,salary_gt_12000,parallel,12,3,0.000000000,2.132232733,2.132232733,2.121478000,2.143356800,165256,True,0
500000,employees_500000.csv,salary_gt_12000,distributed,1,3,0.000000000,2.641515633,2.641515633,2.303251500,2.830557400,165256,True,0
500000,employees_500000.csv,salary_gt_12000,distributed,2,3,0.000000000,1.679989033,1.679989033,1.273521700,1.903527000,165256,True,0
500000,employees_500000.csv,salary_gt_12000,distributed,4,3,0.000000000,1.521672700,1.521672700,1.451172300,1.594998400,165256,True,0
500000,employees_500000.csv,salary_gt_12000,distributed,8,3,0.000000000,1.123400367,1.123400367,0.784931500,1.344833400,165256,True,0
500000,employees_500000.csv,salary_gt_12000,distributed,12,3,0.000000000,1.281097000,1.281097000,1.202114300,1.338059400,165256,True,0
500000,employees_500000.csv,age_ge_40,linear,-,3,0.000000000,0.063394333,0.063394333,0.061295300,0.067010000,295484,True,0
500000,employees_500000.csv,age_ge_40,indexed,-,3,0.000000000,0.127709267,0.127709267,0.125872100,0.130211400,295484,True,0
500000,employees_500000.csv,age_ge_40,parallel,1,3,0.000000000,2.863965767,2.863965767,2.800780100,2.897592400,295484,True,0
500000,employees_500000.csv,age_ge_40,parallel,2,3,0.000000000,2.131049633,2.131049633,2.048254000,2.243279900,295484,True,0
500000,employees_500000.csv,age_ge_40,parallel,4,3,0.000000000,2.279280667,2.279280667,2.221233300,2.324075100,295484,True,0
500000,employees_500000.csv,age_ge_40,parallel,8,3,0.000000000,2.375192367,2.375192367,2.332823300,2.452403500,295484,True,0
500000,employees_500000.csv,age_ge_40,parallel,12,3,0.000000000,2.378675367,2.378675367,2.312015500,2.477257300,295484,True,0
500000,employees_500000.csv,age_ge_40,distributed,1,3,0.000000000,3.255471800,3.255471800,3.225357700,3.276314500,295484,True,0
500000,employees_500000.csv,age_ge_40,distributed,2,3,0.000000000,2.294564767,2.294564767,2.264588600,2.317796700,295484,True,0
500000,employees_500000.csv,age_ge_40,distributed,4,3,0.000000000,1.834394533,1.834394533,1.791161700,1.856462200,295484,True,0
500000,employees_500000.csv,age_ge_40,distributed,8,3,0.000000000,1.628589500,1.628589500,1.605318000,1.652775100,295484,True,0
500000,employees_500000.csv,age_ge_40,distributed,12,3,0.000000000,1.538756200,1.538756200,1.528801500,1.548303100,295484,True,0
500000,employees_500000.csv,is_manager_eq_true,linear,-,3,0.000000000,0.051994000,0.051994000,0.050385900,0.053691700,59904,True,0
500000,employees_500000.csv,is_manager_eq_true,indexed,-,3,0.077898933,0.000002867,0.077901800,0.075818700,0.080918000,59904,True,0
500000,employees_500000.csv,is_manager_eq_true,parallel,1,3,0.000000000,2.157703133,2.157703133,2.135935200,2.176808500,59904,True,0
500000,employees_500000.csv,is_manager_eq_true,parallel,2,3,0.000000000,1.745189133,1.745189133,1.671523000,1.834476100,59904,True,0
500000,employees_500000.csv,is_manager_eq_true,parallel,4,3,0.000000000,1.810640467,1.810640467,1.804908400,1.817758200,59904,True,0
500000,employees_500000.csv,is_manager_eq_true,parallel,8,3,0.000000000,1.948921600,1.948921600,1.913810700,1.995995600,59904,True,0
500000,employees_500000.csv,is_manager_eq_true,parallel,12,3,0.000000000,1.976082033,1.976082033,1.951790400,1.999515500,59904,True,0
500000,employees_500000.csv,is_manager_eq_true,distributed,1,3,0.000000000,2.469123033,2.469123033,2.436039100,2.508700400,59904,True,0
500000,employees_500000.csv,is_manager_eq_true,distributed,2,3,0.000000000,1.600630133,1.600630133,1.594644600,1.604481600,59904,True,0
500000,employees_500000.csv,is_manager_eq_true,distributed,4,3,0.000000000,1.194242433,1.194242433,1.183449200,1.213486300,59904,True,0
500000,employees_500000.csv,is_manager_eq_true,distributed,8,3,0.000000000,1.034220867,1.034220867,1.002176400,1.059398100,59904,True,0
500000,employees_500000.csv,is_manager_eq_true,distributed,12,3,0.000000000,0.981828433,0.981828433,0.971337400,0.997531600,59904,True,0
500000,employees_500000.csv,last_name_contains_ski,linear,-,3,0.000000000,0.096232167,0.096232167,0.074287000,0.127157600,282,True,0
500000,employees_500000.csv,last_name_contains_ski,indexed,-,3,0.000000000,0.243725167,0.243725167,0.214459400,0.299760000,282,True,0
500000,employees_500000.csv,last_name_contains_ski,parallel,1,3,0.000000000,2.217104267,2.217104267,2.067862700,2.301467100,282,True,0
500000,employees_500000.csv,last_name_contains_ski,parallel,2,3,0.000000000,1.901165300,1.901165300,1.825992800,2.013932700,282,True,0
500000,employees_500000.csv,last_name_contains_ski,parallel,4,3,0.000000000,1.916072867,1.916072867,1.840965000,1.982094000,282,True,0
500000,employees_500000.csv,last_name_contains_ski,parallel,8,3,0.000000000,1.993491400,1.993491400,1.898026500,2.110824200,282,True,0
500000,employees_500000.csv,last_name_contains_ski,parallel,12,3,0.000000000,1.891604433,1.891604433,1.851112300,1.922305400,282,True,0
500000,employees_500000.csv,last_name_contains_ski,distributed,1,3,0.000000000,2.200445600,2.200445600,2.101952200,2.299132000,282,True,0
500000,employees_500000.csv,last_name_contains_ski,distributed,2,3,0.000000000,1.431793800,1.431793800,1.409654200,1.458157400,282,True,0
500000,employees_500000.csv,last_name_contains_ski,distributed,4,3,0.000000000,1.052229100,1.052229100,1.013843300,1.077026500,282,True,0
500000,employees_500000.csv,last_name_contains_ski,distributed,8,3,0.000000000,0.948807467,0.948807467,0.820195400,1.032737900,282,True,0
500000,employees_500000.csv,last_name_contains_ski,distributed,12,3,0.000000000,0.823620900,0.823620900,0.779232700,0.880795000,282,True,0
1000000,employees_1000000.csv,id_eq_100,linear,-,3,0.000000000,0.122666767,0.122666767,0.045231100,0.193062200,1,True,0
1000000,employees_1000000.csv,id_eq_100,indexed,-,3,0.883332500,0.000003567,0.883336067,0.482941800,1.090116400,1,True,0
1000000,employees_1000000.csv,id_eq_100,parallel,1,3,0.000000000,4.616971500,4.616971500,2.907759700,6.071947200,1,True,0
1000000,employees_1000000.csv,id_eq_100,parallel,2,3,0.000000000,3.783885367,3.783885367,2.555022900,4.515066500,1,True,0
1000000,employees_1000000.csv,id_eq_100,parallel,4,3,0.000000000,3.223443600,3.223443600,2.952765000,3.423999100,1,True,0
1000000,employees_1000000.csv,id_eq_100,parallel,8,3,0.000000000,3.200761400,3.200761400,3.075913400,3.295219300,1,True,0
1000000,employees_1000000.csv,id_eq_100,parallel,12,3,0.000000000,3.015112733,3.015112733,2.966077700,3.043013600,1,True,0
1000000,employees_1000000.csv,id_eq_100,distributed,1,3,0.000000000,4.298406933,4.298406933,3.841684200,4.666794900,1,True,0
1000000,employees_1000000.csv,id_eq_100,distributed,2,3,0.000000000,2.421933967,2.421933967,1.378879300,2.943643600,1,True,0
1000000,employees_1000000.csv,id_eq_100,distributed,4,3,0.000000000,1.823844767,1.823844767,1.032576000,2.383432800,1,True,0
1000000,employees_1000000.csv,id_eq_100,distributed,8,3,0.000000000,1.497516900,1.497516900,0.899206800,1.895779500,1,True,0
1000000,employees_1000000.csv,id_eq_100,distributed,12,3,0.000000000,1.387619800,1.387619800,0.864190900,1.665745600,1,True,0
1000000,employees_1000000.csv,city_eq_warszawa,linear,-,3,0.000000000,0.170642900,0.170642900,0.114538800,0.200958000,222635,True,0
1000000,employees_1000000.csv,city_eq_warszawa,indexed,-,3,0.195141933,0.000002700,0.195144633,0.160261200,0.222974500,222635,True,0
1000000,employees_1000000.csv,city_eq_warszawa,parallel,1,3,0.000000000,6.498157633,6.498157633,6.312437600,6.772651800,222635,True,0
1000000,employees_1000000.csv,city_eq_warszawa,parallel,2,3,0.000000000,4.475437933,4.475437933,4.362757400,4.605703600,222635,True,0
1000000,employees_1000000.csv,city_eq_warszawa,parallel,4,3,0.000000000,3.336135700,3.336135700,3.157629800,3.496588200,222635,True,0
1000000,employees_1000000.csv,city_eq_warszawa,parallel,8,3,0.000000000,3.388870800,3.388870800,3.344359500,3.474801100,222635,True,0
1000000,employees_1000000.csv,city_eq_warszawa,parallel,12,3,0.000000000,2.891321000,2.891321000,2.625302300,3.348953100,222635,True,0
1000000,employees_1000000.csv,city_eq_warszawa,distributed,1,3,0.000000000,3.511204733,3.511204733,2.382155800,5.610326500,222635,True,0
1000000,employees_1000000.csv,city_eq_warszawa,distributed,2,3,0.000000000,2.946422567,2.946422567,1.747053700,3.732159700,222635,True,0
1000000,employees_1000000.csv,city_eq_warszawa,distributed,4,3,0.000000000,2.275218267,2.275218267,1.348044800,2.740263200,222635,True,0
1000000,employees_1000000.csv,city_eq_warszawa,distributed,8,3,0.000000000,1.973120400,1.973120400,1.182273000,2.435103200,222635,True,0
1000000,employees_1000000.csv,city_eq_warszawa,distributed,12,3,0.000000000,1.847334367,1.847334367,1.146038500,2.216345100,222635,True,0
1000000,employees_1000000.csv,department_eq_it,linear,-,3,0.000000000,0.116068933,0.116068933,0.060746400,0.161860800,250318,True,0
1000000,employees_1000000.csv,department_eq_it,indexed,-,3,0.184450267,0.000003367,0.184453633,0.099438700,0.294745400,250318,True,0
1000000,employees_1000000.csv,department_eq_it,parallel,1,3,0.000000000,5.158403133,5.158403133,3.339584900,6.330899200,250318,True,0
1000000,employees_1000000.csv,department_eq_it,parallel,2,3,0.000000000,3.785575433,3.785575433,2.556227300,4.608723900,250318,True,0
1000000,employees_1000000.csv,department_eq_it,parallel,4,3,0.000000000,3.268296633,3.268296633,2.518544300,3.692308500,250318,True,0
1000000,employees_1000000.csv,department_eq_it,parallel,8,3,0.000000000,3.117874900,3.117874900,2.513652200,3.466767100,250318,True,0
1000000,employees_1000000.csv,department_eq_it,parallel,12,3,0.000000000,3.474042100,3.474042100,2.953822500,3.810441000,250318,True,0
1000000,employees_1000000.csv,department_eq_it,distributed,1,3,0.000000000,4.699834933,4.699834933,3.528743200,5.376708000,250318,True,0
1000000,employees_1000000.csv,department_eq_it,distributed,2,3,0.000000000,3.702535100,3.702535100,3.606092700,3.812905800,250318,True,0
1000000,employees_1000000.csv,department_eq_it,distributed,4,3,0.000000000,2.977506633,2.977506633,2.787640300,3.209427000,250318,True,0
1000000,employees_1000000.csv,department_eq_it,distributed,8,3,0.000000000,2.495925500,2.495925500,2.396474300,2.692222900,250318,True,0
1000000,employees_1000000.csv,department_eq_it,distributed,12,3,0.000000000,2.373745100,2.373745100,2.287646100,2.488175800,250318,True,0
1000000,employees_1000000.csv,salary_gt_12000,linear,-,3,0.000000000,0.157059133,0.157059133,0.111600700,0.198541100,330063,True,0
1000000,employees_1000000.csv,salary_gt_12000,indexed,-,3,0.000000000,0.558217300,0.558217300,0.500014400,0.674467700,330063,True,0
1000000,employees_1000000.csv,salary_gt_12000,parallel,1,3,0.000000000,6.995803733,6.995803733,6.857604300,7.202360300,330063,True,0
1000000,employees_1000000.csv,salary_gt_12000,parallel,2,3,0.000000000,4.666033100,4.666033100,3.969809100,5.032322700,330063,True,0
1000000,employees_1000000.csv,salary_gt_12000,parallel,4,3,0.000000000,3.872985900,3.872985900,3.680842700,4.026154500,330063,True,0
1000000,employees_1000000.csv,salary_gt_12000,parallel,8,3,0.000000000,3.746960767,3.746960767,3.643107800,3.820636600,330063,True,0
1000000,employees_1000000.csv,salary_gt_12000,parallel,12,3,0.000000000,3.636590133,3.636590133,3.545341200,3.782415100,330063,True,0
1000000,employees_1000000.csv,salary_gt_12000,distributed,1,3,0.000000000,6.311848633,6.311848633,6.177435500,6.507397200,330063,True,0
1000000,employees_1000000.csv,salary_gt_12000,distributed,2,3,0.000000000,4.182188633,4.182188633,3.989464000,4.495683900,330063,True,0
1000000,employees_1000000.csv,salary_gt_12000,distributed,4,3,0.000000000,3.109081500,3.109081500,2.881581900,3.232671600,330063,True,0
1000000,employees_1000000.csv,salary_gt_12000,distributed,8,3,0.000000000,2.733541633,2.733541633,2.704355900,2.771057200,330063,True,0
1000000,employees_1000000.csv,salary_gt_12000,distributed,12,3,0.000000000,2.669463367,2.669463367,2.585730100,2.835302600,330063,True,0
1000000,employees_1000000.csv,age_ge_40,linear,-,3,0.000000000,0.194323533,0.194323533,0.183798200,0.202011100,590548,True,0
1000000,employees_1000000.csv,age_ge_40,indexed,-,3,0.000000000,0.343368767,0.343368767,0.319351300,0.375990700,590548,True,0
1000000,employees_1000000.csv,age_ge_40,parallel,1,3,0.000000000,8.434227167,8.434227167,8.232513600,8.751631500,590548,True,0
1000000,employees_1000000.csv,age_ge_40,parallel,2,3,0.000000000,5.622459100,5.622459100,5.368122900,5.769609300,590548,True,0
1000000,employees_1000000.csv,age_ge_40,parallel,4,3,0.000000000,4.284100467,4.284100467,3.883213700,4.795088000,590548,True,0
1000000,employees_1000000.csv,age_ge_40,parallel,8,3,0.000000000,4.255760633,4.255760633,4.106135800,4.366829700,590548,True,0
1000000,employees_1000000.csv,age_ge_40,parallel,12,3,0.000000000,4.086813900,4.086813900,4.065310700,4.119977900,590548,True,0
1000000,employees_1000000.csv,age_ge_40,distributed,1,3,0.000000000,6.951601167,6.951601167,6.160619000,7.400044000,590548,True,0
1000000,employees_1000000.csv,age_ge_40,distributed,2,3,0.000000000,4.997959633,4.997959633,4.583432000,5.271682200,590548,True,0
1000000,employees_1000000.csv,age_ge_40,distributed,4,3,0.000000000,3.946505733,3.946505733,3.632698500,4.209534900,590548,True,0
1000000,employees_1000000.csv,age_ge_40,distributed,8,3,0.000000000,3.423087333,3.423087333,3.164788400,3.634607100,590548,True,0
1000000,employees_1000000.csv,age_ge_40,distributed,12,3,0.000000000,3.214005733,3.214005733,3.033873400,3.326796300,590548,True,0
1000000,employees_1000000.csv,is_manager_eq_true,linear,-,3,0.000000000,0.094136300,0.094136300,0.092637200,0.095711600,119837,True,0
1000000,employees_1000000.csv,is_manager_eq_true,indexed,-,3,0.175591667,0.000002800,0.175594467,0.152649500,0.195511900,119837,True,0
1000000,employees_1000000.csv,is_manager_eq_true,parallel,1,3,0.000000000,5.469924733,5.469924733,4.852952500,6.125708800,119837,True,0
1000000,employees_1000000.csv,is_manager_eq_true,parallel,2,3,0.000000000,4.186065633,4.186065633,3.570375400,4.511729700,119837,True,0
1000000,employees_1000000.csv,is_manager_eq_true,parallel,4,3,0.000000000,3.333299733,3.333299733,3.088877700,3.464179900,119837,True,0
1000000,employees_1000000.csv,is_manager_eq_true,parallel,8,3,0.000000000,3.192972467,3.192972467,3.129096200,3.273616600,119837,True,0
1000000,employees_1000000.csv,is_manager_eq_true,parallel,12,3,0.000000000,3.165576867,3.165576867,3.065175600,3.327394100,119837,True,0
1000000,employees_1000000.csv,is_manager_eq_true,distributed,1,3,0.000000000,4.783327267,4.783327267,4.408590900,5.115415100,119837,True,0
1000000,employees_1000000.csv,is_manager_eq_true,distributed,2,3,0.000000000,3.360496633,3.360496633,3.057821600,3.624626000,119837,True,0
1000000,employees_1000000.csv,is_manager_eq_true,distributed,4,3,0.000000000,2.447093933,2.447093933,2.298022600,2.616603800,119837,True,0
1000000,employees_1000000.csv,is_manager_eq_true,distributed,8,3,0.000000000,2.057411567,2.057411567,1.968253400,2.132312100,119837,True,0
1000000,employees_1000000.csv,is_manager_eq_true,distributed,12,3,0.000000000,1.975995133,1.975995133,1.824307800,2.190759600,119837,True,0
1000000,employees_1000000.csv,last_name_contains_ski,linear,-,3,0.000000000,0.229743267,0.229743267,0.193345000,0.249771300,538,True,0
1000000,employees_1000000.csv,last_name_contains_ski,indexed,-,3,0.000000000,0.584635667,0.584635667,0.507053500,0.650841400,538,True,0
1000000,employees_1000000.csv,last_name_contains_ski,parallel,1,3,0.000000000,5.893500700,5.893500700,5.610111200,6.436039500,538,True,0
1000000,employees_1000000.csv,last_name_contains_ski,parallel,2,3,0.000000000,4.170356033,4.170356033,4.044932200,4.265181400,538,True,0
1000000,employees_1000000.csv,last_name_contains_ski,parallel,4,3,0.000000000,3.296236233,3.296236233,3.276209200,3.335208500,538,True,0
1000000,employees_1000000.csv,last_name_contains_ski,parallel,8,3,0.000000000,3.126150200,3.126150200,3.067830600,3.164953900,538,True,0
1000000,employees_1000000.csv,last_name_contains_ski,parallel,12,3,0.000000000,2.915055567,2.915055567,2.873874400,2.976129900,538,True,0
1000000,employees_1000000.csv,last_name_contains_ski,distributed,1,3,0.000000000,4.637586667,4.637586667,4.458166700,4.870760000,538,True,0
1000000,employees_1000000.csv,last_name_contains_ski,distributed,2,3,0.000000000,2.923700533,2.923700533,2.861581300,2.962586100,538,True,0
1000000,employees_1000000.csv,last_name_contains_ski,distributed,4,3,0.000000000,2.166445567,2.166445567,2.120428100,2.207613200,538,True,0
1000000,employees_1000000.csv,last_name_contains_ski,distributed,8,3,0.000000000,1.722547500,1.722547500,1.693324600,1.747003200,538,True,0
1000000,employees_1000000.csv,last_name_contains_ski,distributed,12,3,0.000000000,1.644848233,1.644848233,1.616444000,1.669214300,538,True,0
